activity_id,player_period,form_period,role_period,session,start_time,end_time
1879,1,1,1,1,0,35
1879,2,1,2,1,35,47
1879,3,2,3,2,0,31
1879,4,2,4,2,31,42
1879,4,2,5,2,42,49
1879,5,2,6,2,49,51
1882,1,1,1,1,0,24
1882,1,1,2,1,24,46
1882,2,2,3,2,0,22
1882,3,2,4,2,22,42
1882,4,2,5,2,42,49
1952,1,1,1,1,0,36
1952,1,1,2,1,36,47
1952,2,2,3,2,0,24
1952,3,2,4,2,24,37
1952,4,2,5,2,37,49
1958,1,1,1,1,0,47
1958,2,2,2,2,0,18
1958,3,2,3,2,18,32
1958,4,2,4,2,32,46
1958,5,2,5,2,46,48
2071,1,1,1,1,0,49
2104,1,1,1,1,0,39
2104,2,1,2,1,39,46
2104,3,2,3,2,0,42
2104,4,2,4,2,42,48
2226,1,1,1,1,0,35
2226,2,1,2,1,35,46
2226,3,2,3,2,0,26
2226,4,2,4,2,26,34
2226,5,2,5,2,34,48
2228,1,1,1,1,0,47
2228,2,2,2,2,0,20
2228,3,2,3,2,20,46
2228,4,2,4,2,46,49
2306,1,1,1,1,0,19
2306,2,1,2,1,19,46
2306,3,2,3,2,0,24
2306,4,2,4,2,24,42
2306,5,2,5,2,42,49
2308,1,1,1,1,0,46
2310,1,1,1,1,0,35
2310,1,1,2,1,35,46
2310,2,2,3,2,0,22
2310,3,2,4,2,22,42
2310,4,2,5,2,42,51
2374,1,1,1,1,0,46
2384,1,1,1,1,0,27
2384,2,1,2,1,27,49
2386,1,1,1,1,0,47
2386,2,2,2,2,0,18
2386,3,2,3,2,18,38
2386,4,3,4,2,38,47
2386,5,3,5,2,47,50
2405,1,1,1,1,0,25
2405,1,1,2,1,25,46
2585,1,1,1,1,0,30
2585,1,1,2,1,30,46
2585,2,2,3,2,0,11
2585,3,2,4,2,11,33
2585,4,2,5,2,33,48
2605,1,1,1,1,0,21
2605,2,1,2,1,21,48
2657,1,1,1,1,0,15
2657,1,1,2,1,15,37
2657,2,1,3,1,37,47
2662,2,1,1,2,0,18
2662,3,1,2,2,18,28
2662,4,1,3,2,28,48
2795,1,1,1,1,0,8
2795,1,1,2,1,8,46
2795,2,2,3,2,0,21
2795,3,2,4,2,21,26
2795,4,2,5,2,26,50
2809,1,1,1,1,0,47
2809,2,2,2,2,0,14
2809,3,2,3,2,14,30
2809,4,2,4,2,30,38
2809,4,2,5,2,38,48
2977,1,1,1,1,0,48
2995,2,1,1,2,0,21
2995,3,1,2,2,21,49
2995,4,1,3,2,49,51
3023,1,1,1,1,0,37
3023,1,1,2,1,37,48
3023,2,2,3,2,0,14
3023,3,2,4,2,14,34
3023,4,2,5,2,34,42
3023,4,3,6,2,42,51
3172,1,1,1,1,0,50
3447,1,1,1,1,0,32
3447,2,1,2,1,32,47
3447,3,2,3,2,0,36
3447,4,2,4,2,36,50
3456,1,1,1,1,0,26
3456,1,1,2,1,26,46
3456,2,2,3,2,0,28
3456,2,2,4,2,28,34
3456,3,2,5,2,34,41
3456,4,2,6,2,41,50
3521,2,1,1,2,0,25
3521,3,1,2,2,25,34
3521,4,1,3,2,34,43
3521,5,1,4,2,43,49
3534,1,1,1,1,0,7
3534,1,1,2,1,7,46
3534,2,2,3,2,0,24
3534,3,2,4,2,24,39
3534,4,2,5,2,39,44
3534,5,2,6,2,44,51
3567,1,1,1,1,0,16
3567,1,1,2,1,16,46
3567,2,2,3,2,0,7
3567,2,2,4,2,7,12
3567,3,2,5,2,12,31
3567,4,2,6,2,31,36
3567,5,2,7,2,36,48
3597,1,1,1,1,0,41
3597,1,1,2,1,41,48
3699,1,1,1,1,0,46
3699,2,2,2,2,0,9
3699,3,2,3,2,9,47
3699,4,2,4,2,47,48
3699,5,2,5,2,48,51
3721,1,1,1,1,0,34
3721,2,1,2,1,34,46
3721,3,2,3,2,0,18
3721,4,3,4,2,18,33
3721,4,3,5,2,33,39
3721,5,3,6,2,39,49
3803,1,1,1,1,0,38
3803,1,1,2,1,38,46
3803,2,2,3,2,0,12
3803,3,2,4,2,12,26
3803,4,2,5,2,26,39
3803,5,2,6,2,39,50
3833,1,1,1,1,0,24
3833,1,1,2,1,24,37
3833,1,1,3,1,37,46
3833,2,2,4,2,0,15
3833,2,2,5,2,15,26
3833,2,2,6,2,26,35
3833,3,2,7,2,35,44
3833,4,2,8,2,44,50
3926,1,1,1,1,0,22
3926,1,1,2,1,22,47
4095,1,1,1,1,0,30
4095,1,1,2,1,30,46
4095,2,2,3,2,0,26
4095,3,2,4,2,26,38
4095,4,2,5,2,38,49
4104,1,1,1,1,0,29
4104,2,1,2,1,29,51
4106,1,1,1,1,0,32
4106,1,1,2,1,32,46
4115,1,1,1,1,0,48
4115,2,2,2,2,0,44
4115,3,2,3,2,44,47
4115,4,2,4,2,47,49
4116,1,1,1,1,0,38
4116,1,1,2,1,38,45
4116,2,2,3,2,0,20
4116,3,2,4,2,20,43
4116,4,2,5,2,43,44
4116,5,2,6,2,44,49
4119,1,1,1,1,0,33
4119,1,1,2,1,33,47
4121,1,1,1,1,0,30
4121,1,1,2,1,30,51
4121,2,2,3,2,0,38
4121,3,2,4,2,38,50
4135,1,1,1,1,0,20
4135,1,1,2,1,20,27
4135,1,1,3,1,27,45
4135,2,2,4,2,0,5
4135,3,2,5,2,5,8
4135,3,2,6,2,8,12
4135,4,2,7,2,12,24
4135,4,2,8,2,24,34
4135,5,2,9,2,34,49
4148,1,1,1,1,0,33
4148,2,1,2,1,33,47
4148,3,2,3,2,0,7
4148,3,2,4,2,7,11
4148,4,2,5,2,11,14
4148,4,2,6,2,14,23
4148,5,2,7,2,23,51
4337,1,1,1,1,0,18
4337,2,1,2,1,18,27
4337,2,1,3,1,27,46
4337,3,2,4,2,0,19
4337,4,2,5,2,19,31
4337,5,2,6,2,31,36
4337,5,2,7,2,36,50
4339,1,1,1,1,0,47
4354,1,1,1,1,0,47
4354,2,2,2,2,0,4
4354,3,2,3,2,4,36
4354,4,2,4,2,36,42
4354,5,2,5,2,42,52
4355,1,1,1,1,0,46
4397,1,1,1,1,0,38
4397,1,1,2,1,38,46
4397,2,2,3,2,0,3
4397,3,2,4,2,3,30
4397,4,2,5,2,30,34
4397,4,3,6,2,34,42
4397,5,3,7,2,42,54
4436,1,1,1,1,0,45
4436,2,2,2,2,0,23
4436,3,2,3,2,23,37
4436,4,2,4,2,37,47
4436,5,2,5,2,47,50
4553,1,1,1,1,0,46
4553,2,2,2,2,0,12
4553,3,2,3,2,12,33
4553,4,2,4,2,33,49
4576,1,1,1,1,0,22
4576,1,1,2,1,22,28
4576,1,1,3,1,28,35
4576,1,1,4,1,35,47
4576,2,2,5,2,0,8
4576,3,2,6,2,8,17
4576,4,2,7,2,17,39
4576,5,2,8,2,39,53
4608,2,1,1,2,0,12
4608,3,1,2,2,12,37
4608,4,1,3,2,37,48
4892,1,1,1,1,0,48
4892,2,2,2,2,0,9
4892,2,2,3,2,9,15
4892,3,3,4,2,15,25
4892,4,3,5,2,25,36
4892,5,3,6,2,36,50
4893,1,1,1,1,0,9
4893,1,1,2,1,9,48
4893,2,2,3,2,0,20
4893,3,2,4,2,20,23
4893,4,2,5,2,23,37
4893,5,2,6,2,37,49
4898,1,1,1,1,0,37
4898,1,1,2,1,37,45
4898,2,2,3,2,0,18
4898,3,2,4,2,18,26
4898,4,2,5,2,26,35
4898,5,2,6,2,35,49
4902,1,1,1,1,0,46
4902,2,2,2,2,0,9
4902,3,2,3,2,9,49
4902,4,2,4,2,49,51
4920,1,1,1,1,0,37
4920,2,1,2,1,37,47
4920,3,2,3,2,0,13
4920,4,2,4,2,13,37
4920,5,2,5,2,37,51
4935,2,1,1,2,0,34
4935,3,1,2,2,34,46
4935,4,1,3,2,46,47
4935,5,1,4,2,47,51
4936,1,1,1,1,0,29
4936,2,1,2,1,29,45
4936,3,2,3,2,0,20
4936,4,2,4,2,20,28
4936,5,2,5,2,28,49
4959,1,1,1,1,0,16
4959,2,1,2,1,16,27
4959,2,1,3,1,27,37
4959,2,1,4,1,37,46
4959,3,2,5,2,0,12
4959,4,2,6,2,12,24
4959,5,2,7,2,24,49
4962,2,1,1,2,0,26
4962,3,1,2,2,26,34
4962,4,1,3,2,34,43
4962,5,1,4,2,43,49
4964,1,1,1,1,0,47
4964,2,2,2,2,0,14
4964,3,2,3,2,14,25
4964,4,2,4,2,25,48
4991,1,1,1,1,0,42
4991,2,1,2,1,42,47
5024,2,1,1,2,0,33
5024,3,1,2,2,33,45
5024,3,2,3,2,45,52
5056,1,1,1,1,0,37
5056,1,1,2,1,37,47
5056,2,2,3,2,0,8
5056,3,2,4,2,8,23
5056,4,2,5,2,23,28
5056,5,2,6,2,28,49
5060,1,1,1,1,0,31
5060,2,1,2,1,31,47
5066,3,1,1,2,0,37
5066,4,1,2,2,37,48
5071,1,1,1,1,0,9
5071,1,1,2,1,9,46
5071,2,2,3,2,0,14
5071,3,2,4,2,14,40
5071,4,2,5,2,40,48
5090,1,1,1,1,0,39
5090,1,2,2,1,39,47
5090,2,3,3,2,0,8
5090,3,3,4,2,8,20
5090,4,3,5,2,20,36
5090,4,3,6,2,36,42
5090,5,3,7,2,42,49
5175,1,1,1,1,0,49
5175,2,2,2,2,0,30
5175,3,2,3,2,30,52
5179,2,1,1,2,0,17
5179,3,1,2,2,17,28
5179,4,1,3,2,28,39
5179,5,1,4,2,39,49
5194,2,1,1,2,0,12
5194,3,1,2,2,12,18
5194,4,1,3,2,18,28
5194,5,1,4,2,28,50
5221,1,1,1,1,0,50
5221,2,2,2,2,0,11
5221,3,2,3,2,11,18
5221,4,2,4,2,18,30
5221,5,2,5,2,30,49
5243,1,1,1,1,0,30
5243,1,1,2,1,30,46
5243,2,2,3,2,0,13
5243,3,2,4,2,13,32
5243,4,2,5,2,32,38
5243,5,2,6,2,38,49
5246,1,1,1,1,0,40
5246,1,1,2,1,40,48
5246,2,2,3,2,0,6
5246,2,2,4,2,6,23
5246,3,2,5,2,23,26
5246,4,2,6,2,26,32
5246,5,2,7,2,32,47
5419,1,1,1,1,0,35
5419,1,1,2,1,35,46
5419,2,2,3,2,0,28
5419,3,2,4,2,28,35
5419,4,2,5,2,35,51
5420,1,1,1,1,0,48
5420,2,2,2,2,0,7
5420,3,2,3,2,7,19
5420,4,2,4,2,19,36
5420,5,2,5,2,36,41
5420,5,2,6,2,41,48
5426,2,1,1,2,0,14
5426,3,1,2,2,14,19
5426,4,1,3,2,19,27
5426,5,1,4,2,27,50
5428,1,1,1,1,0,47
5428,2,2,2,2,0,16
5428,3,2,3,2,16,37
5428,4,2,4,2,37,42
5428,5,3,5,2,42,50
5435,1,1,1,1,0,8
5435,1,1,2,1,8,36
5435,2,1,3,1,36,46
5458,1,1,1,1,0,7
5458,1,1,2,1,7,48
5458,2,2,3,2,0,22
5458,3,2,4,2,22,33
5458,4,2,5,2,33,37
5458,5,2,6,2,37,48
5472,1,1,1,1,0,31
5472,1,1,2,1,31,37
5472,1,1,3,1,37,48
5472,2,2,4,2,0,6
5472,2,3,5,2,6,25
5472,3,3,6,2,25,50
5515,1,1,1,1,0,46
5780,1,1,1,1,0,46
5780,2,2,2,2,0,5
5780,3,2,3,2,5,27
5780,4,2,4,2,27,49
5825,1,1,1,1,0,38
5825,1,1,2,1,38,46
5840,1,1,1,1,0,46
5840,2,2,2,2,0,22
5840,3,2,3,2,22,28
5840,4,2,4,2,28,32
5840,5,2,5,2,32,49
5844,1,1,1,1,0,19
5844,1,1,2,1,19,46
5844,2,2,3,2,0,31
5844,3,2,4,2,31,37
5844,4,2,5,2,37,47
5844,5,2,6,2,47,49
5875,1,1,1,1,0,35
5875,1,1,2,1,35,45
5875,2,2,3,2,0,21
5875,3,2,4,2,21,28
5875,4,2,5,2,28,32
5875,5,2,6,2,32,48
5876,1,1,1,1,0,39
5876,1,1,2,1,39,46
5876,2,2,3,2,0,19
5876,3,2,4,2,19,26
5876,4,2,5,2,26,50
5877,1,1,1,1,0,46
5877,2,2,2,2,0,32
5877,3,2,3,2,32,34
5877,4,2,4,2,34,49
5885,1,1,1,1,0,14
5885,1,1,2,1,14,46
5885,2,2,3,2,0,6
5885,3,2,4,2,6,11
5885,4,2,5,2,11,24
5885,5,2,6,2,24,49
5938,1,1,1,1,0,46
5938,2,2,2,2,0,12
5938,3,2,3,2,12,32
5938,4,2,4,2,32,39
5938,5,2,5,2,39,49
6082,1,1,1,1,0,49
6082,2,2,2,2,0,35
6082,3,2,3,2,35,43
6082,4,2,4,2,43,48
6083,1,1,1,1,0,49
6083,2,2,2,2,0,9
6083,3,2,3,2,9,31
6083,4,2,4,2,31,36
6083,5,2,5,2,36,48
6088,1,1,1,1,0,47
6088,2,2,2,2,0,14
6088,3,2,3,2,14,20
6088,4,2,4,2,20,27
6088,5,2,5,2,27,50
6107,1,1,1,1,0,34
6107,2,1,2,1,34,40
6107,2,1,3,1,40,46
6136,2,1,1,2,0,14
6136,3,1,2,2,14,29
6136,4,1,3,2,29,42
6136,4,1,4,2,42,56
6145,1,1,1,1,0,6
6145,1,1,2,1,6,47
6145,2,2,3,2,0,17
6145,3,2,4,2,17,23
6145,4,2,5,2,23,37
6145,4,3,6,2,37,51
6152,1,1,1,1,0,43
6152,2,1,2,1,43,46
6152,3,2,3,2,0,31
6152,4,2,4,2,31,43
6152,5,2,5,2,43,48
6158,1,1,1,1,0,23
6158,1,1,2,1,23,39
6158,1,1,3,1,39,46
6158,2,2,4,2,0,21
6158,3,2,5,2,21,32
6158,4,2,6,2,32,46
6158,5,2,7,2,46,50
6161,1,1,1,1,0,47
6161,2,2,2,2,0,7
6161,3,2,3,2,7,22
6161,4,2,4,2,22,42
6161,5,2,5,2,42,50
6182,1,1,1,1,0,47
6182,2,2,2,2,0,23
6182,3,2,3,2,23,29
6182,3,2,4,2,29,35
6182,4,2,5,2,35,43
6182,5,2,6,2,43,51
6386,2,1,1,2,0,8
6386,2,1,2,2,8,16
6386,3,1,3,2,16,31
6386,4,1,4,2,31,38
6386,5,1,5,2,38,49
6390,1,1,1,1,0,13
6390,1,1,2,1,13,32
6390,1,1,3,1,32,47
6390,2,2,4,2,0,20
6390,3,2,5,2,20,29
6390,4,2,6,2,29,42
6390,5,2,7,2,42,50
6409,1,1,1,1,0,46
6409,2,2,2,2,0,27
6409,3,2,3,2,27,41
6409,3,2,4,2,41,50
6433,1,1,1,1,0,46
6446,2,1,1,2,0,13
6446,3,1,2,2,13,18
6446,4,1,3,2,18,29
6446,5,1,4,2,29,37
6446,6,1,5,2,37,50
6458,2,1,1,2,0,26
6458,3,1,2,2,26,29
6458,4,1,3,2,29,35
6458,5,1,4,2,35,50
6487,1,1,1,1,0,46
6487,2,2,2,2,0,16
6487,3,2,3,2,16,30
6487,4,2,4,2,30,37
6487,5,2,5,2,37,49
6535,1,1,1,1,0,45
6535,2,2,2,2,0,6
6535,2,2,3,2,6,12
6535,3,2,4,2,12,35
6535,4,2,5,2,35,52
6632,1,1,1,1,0,24
6632,1,1,2,1,24,30
6632,1,2,3,1,30,46
6638,2,1,1,2,0,19
6638,3,1,2,2,19,29
6638,3,2,3,2,29,49
6652,1,1,1,1,0,28
6652,1,1,2,1,28,48
6652,2,2,3,2,0,17
6652,3,2,4,2,17,28
6652,4,3,5,2,28,40
6652,5,3,6,2,40,49
6662,1,1,1,1,0,48
6662,2,2,2,2,0,32
6662,3,2,3,2,32,39
6662,4,2,4,2,39,49
6687,1,1,1,1,0,46
6687,2,2,2,2,0,11
6687,3,2,3,2,11,37
6687,4,2,4,2,37,42
6687,5,2,5,2,42,49
6736,1,1,1,1,0,29
6736,1,2,2,1,29,50
6736,2,3,3,2,0,6
6736,3,3,4,2,6,27
6736,4,3,5,2,27,32
6736,5,3,6,2,32,37
6736,5,3,7,2,37,43
6736,5,3,8,2,43,50
6747,1,1,1,1,0,14
6747,2,1,2,1,14,21
6747,2,1,3,1,21,46
6841,1,1,1,1,0,48
6841,2,2,2,2,0,25
6841,3,2,3,2,25,35
6841,4,2,4,2,35,50
6858,1,1,1,1,0,46
6858,2,2,2,2,0,14
6858,3,2,3,2,14,21
6858,4,2,4,2,21,42
6858,5,2,5,2,42,49
6859,1,1,1,1,0,7
6859,1,2,2,1,7,20
6859,1,2,3,1,20,46
6859,2,3,4,2,0,9
6859,3,3,5,2,9,29
6859,4,3,6,2,29,38
6859,4,3,7,2,38,49
6861,1,1,1,1,0,46
6861,2,2,2,2,0,34
6861,3,2,3,2,34,43
6861,4,2,4,2,43,50
6866,1,1,1,1,0,48
6866,2,2,2,2,0,18
6866,3,2,3,2,18,23
6866,4,2,4,2,23,30
6866,5,2,5,2,30,50
6886,1,1,1,1,0,7
6886,1,1,2,1,7,14
6886,1,1,3,1,14,47
6886,2,2,4,2,0,33
6886,3,2,5,2,33,48
6889,1,1,1,1,0,37
6889,1,1,2,1,37,46
6889,2,2,3,2,0,17
6889,3,2,4,2,17,26
6889,4,2,5,2,26,41
6889,4,2,6,2,41,49
6965,1,1,1,1,0,47
6965,2,2,2,2,0,18
6965,3,2,3,2,18,31
6965,4,2,4,2,31,35
6965,5,2,5,2,35,48
7036,1,1,1,1,0,6
7036,1,1,2,1,6,47
7036,2,2,3,2,0,9
7036,3,2,4,2,9,22
7036,4,2,5,2,22,30
7036,5,2,6,2,30,49
7044,1,1,1,1,0,46
7045,1,1,1,1,0,46
7045,2,2,2,2,0,9
7045,3,2,3,2,9,23
7045,4,2,4,2,23,36
7045,5,2,5,2,36,52
7059,1,1,1,1,0,40
7059,1,1,2,1,40,46
7059,2,2,3,2,0,8
7059,2,2,4,2,8,18
7059,2,2,5,2,18,22
7059,3,2,6,2,22,29
7059,4,2,7,2,29,50
7063,1,1,1,1,0,49
7063,2,2,2,2,0,8
7063,3,2,3,2,8,18
7063,4,2,4,2,18,49
7065,1,1,1,1,0,46
7065,2,2,2,2,0,11
7065,3,2,3,2,11,38
7065,4,2,4,2,38,41
7065,5,2,5,2,41,49
7098,1,1,1,1,0,35
7098,1,1,2,1,35,46
7098,2,2,3,2,0,26
7098,3,2,4,2,26,49
7098,4,2,5,2,49,52
7393,1,1,1,1,0,47
7393,2,2,2,2,0,19
7393,3,2,3,2,19,39
7393,4,2,4,2,39,50
7398,1,1,1,1,0,47
7398,2,2,2,2,0,9
7398,3,2,3,2,9,12
7398,4,2,4,2,12,14
7398,5,2,5,2,14,38
7398,6,2,6,2,38,50
7402,1,1,1,1,0,31
7402,1,1,2,1,31,46
7402,2,2,3,2,0,36
7402,3,2,4,2,36,46
7402,4,2,5,2,46,50
7406,1,1,1,1,0,47
7406,2,2,2,2,0,18
7406,3,2,3,2,18,26
7406,4,2,4,2,26,32
7406,5,2,5,2,32,50
7412,1,1,1,1,0,46
7412,2,2,2,2,0,16
7412,3,2,3,2,16,46
7412,4,2,4,2,46,48
7414,1,1,1,1,0,30
7414,2,1,2,1,30,46
7414,3,2,3,2,0,16
7414,4,2,4,2,16,27
7414,5,2,5,2,27,50
7494,1,1,1,1,0,39
7494,1,1,2,1,39,46
7494,2,2,3,2,0,23
7494,3,2,4,2,23,33
7494,4,2,5,2,33,43
7494,5,2,6,2,43,48
7523,1,1,1,1,0,34
7523,1,1,2,1,34,46
7523,2,2,3,2,0,5
7523,3,2,4,2,5,35
7523,4,2,5,2,35,46
7523,5,2,6,2,46,49
7527,1,1,1,1,0,31
7527,2,1,2,1,31,46
7527,3,2,3,2,0,38
7527,4,2,4,2,38,50
7529,1,1,1,1,0,46
7529,2,2,2,2,0,12
7529,3,2,3,2,12,40
7529,4,2,4,2,40,50
7533,1,1,1,1,0,36
7533,1,1,2,1,36,46
7533,2,2,3,2,0,14
7533,3,2,4,2,14,32
7533,3,2,5,2,32,49
7540,1,1,1,1,0,37
7540,1,1,2,1,37,46
7540,2,2,3,2,0,4
7540,3,2,4,2,4,11
7540,4,2,5,2,11,29
7540,5,2,6,2,29,41
7540,5,2,7,2,41,49
7636,1,1,1,1,0,46
7638,1,1,1,1,0,40
7638,1,1,2,1,40,46
7638,2,2,3,2,0,26
7638,3,2,4,2,26,42
7638,4,2,5,2,42,48
7640,1,1,1,1,0,10
7640,1,1,2,1,10,46
7640,2,2,3,2,0,14
7640,3,2,4,2,14,26
7640,3,2,5,2,26,39
7640,4,2,6,2,39,50
7649,1,1,1,1,0,38
7649,1,1,2,1,38,47
7669,1,1,1,1,0,9
7669,1,1,2,1,9,46
7688,1,1,1,1,0,35
7688,1,1,2,1,35,48
7688,2,2,3,2,0,14
7688,3,2,4,2,14,22
7688,4,2,5,2,22,30
7688,5,2,6,2,30,42
7688,5,2,7,2,42,49
7713,1,1,1,1,0,40
7713,1,1,2,1,40,47
7713,2,2,3,2,0,18
7713,3,2,4,2,18,23
7713,3,2,5,2,23,35
7713,4,2,6,2,35,37
7713,5,2,7,2,37,50
7724,1,1,1,1,0,41
7724,1,2,2,1,41,48
7724,2,3,3,2,0,30
7724,3,3,4,2,30,50
7724,4,3,5,2,50,52
7738,1,1,1,1,0,45
7738,2,2,2,2,0,7
7738,3,2,3,2,7,21
7738,4,2,4,2,21,36
7738,5,2,5,2,36,49
7753,1,1,1,1,0,31
7753,1,1,2,1,31,46
7753,2,2,3,2,0,39
7753,3,2,4,2,39,46
7753,4,2,5,2,46,48
7825,1,1,1,1,0,28
7825,1,2,2,1,28,32
7825,2,2,3,1,32,46
7825,3,3,4,2,0,14
7825,4,3,5,2,14,27
7825,5,3,6,2,27,35
7825,5,3,7,2,35,48
7882,1,1,1,1,0,46
7882,2,2,2,2,0,6
7882,3,2,3,2,6,16
7882,4,2,4,2,16,39
7882,5,2,5,2,39,50
7884,1,1,1,1,0,33
7884,1,1,2,1,33,46
7884,2,2,3,2,0,25
7884,3,2,4,2,25,32
7884,4,2,5,2,32,39
7884,4,2,6,2,39,49
7885,2,1,1,2,0,9
7885,3,1,2,2,9,21
7885,4,1,3,2,21,29
7885,5,1,4,2,29,50
7892,1,1,1,1,0,47
7892,2,2,2,2,0,19
7892,3,2,3,2,19,34
7892,4,2,4,2,34,38
7892,5,2,5,2,38,48
7897,1,1,1,1,0,19
7897,1,2,2,1,19,47
7897,2,3,3,2,0,30
7897,3,3,4,2,30,50
7900,1,1,1,1,0,47
7900,2,2,2,2,0,8
7900,3,2,3,2,8,23
7900,4,2,4,2,23,33
7900,5,2,5,2,33,50
7918,1,1,1,1,0,39
7918,1,1,2,1,39,47
7926,1,1,1,1,0,47
7926,2,2,2,2,0,8
7926,3,2,3,2,8,20
7926,4,2,4,2,20,32
7926,5,2,5,2,32,40
7926,5,2,6,2,40,49
7931,1,1,1,1,0,47
7931,2,2,2,2,0,16
7931,3,2,3,2,16,31
7931,4,2,4,2,31,37
7931,4,2,5,2,37,42
7931,5,2,6,2,42,50
7941,1,1,1,1,0,47
7941,2,2,2,2,0,12
7941,3,2,3,2,12,18
7941,4,2,4,2,18,41
7941,5,2,5,2,41,50
8008,1,1,1,1,0,49
8008,2,2,2,2,0,5
8008,3,2,3,2,5,14
8008,4,2,4,2,14,24
8008,5,2,5,2,24,33
8008,5,2,6,2,33,49
8011,1,1,1,1,0,30
8011,1,1,2,1,30,48
8011,2,2,3,2,0,17
8011,3,2,4,2,17,23
8011,4,2,5,2,23,37
8011,5,2,6,2,37,50
8013,1,1,1,1,0,46
8013,2,2,2,2,0,16
8013,3,2,3,2,16,19
8013,4,2,4,2,19,31
8013,5,2,5,2,31,49
8016,1,1,1,1,0,48
8016,2,2,2,2,0,8
8016,3,2,3,2,8,27
8016,4,2,4,2,27,50
8081,1,1,1,1,0,14
8081,2,1,2,1,14,47
8081,3,2,3,2,0,9
8081,4,2,4,2,9,31
8081,5,2,5,2,31,51
8084,1,1,1,1,0,47
8084,2,2,2,2,0,6
8084,2,2,3,2,6,13
8084,3,2,4,2,13,28
8084,4,2,5,2,28,41
8084,5,2,6,2,41,51
8105,1,1,1,1,0,32
8105,2,1,2,1,32,48
8105,3,2,3,2,0,29
8105,4,2,4,2,29,42
8105,4,3,5,2,42,49
8106,1,1,1,1,0,24
8106,1,1,2,1,24,33
8106,1,2,3,1,33,39
8106,1,3,4,1,39,46
8108,1,1,1,1,0,10
8108,1,1,2,1,10,46
8108,2,2,3,2,0,18
8108,3,2,4,2,18,47
8108,4,2,5,2,47,51
8108,5,2,6,2,51,52
8113,1,1,1,1,0,46
8113,2,2,2,2,0,9
8113,3,2,3,2,9,16
8113,4,2,4,2,16,34
8113,5,2,5,2,34,37
8113,5,2,6,2,37,52
8141,1,1,1,1,0,47
8141,2,2,2,2,0,30
8141,3,2,3,2,30,45
8141,4,2,4,2,45,50
8142,1,1,1,1,0,47
8142,2,2,2,2,0,26
8142,3,2,3,2,26,48
8162,1,1,1,1,0,33
8162,1,1,2,1,33,48
8162,2,2,3,2,0,13
8162,3,2,4,2,13,21
8162,4,2,5,2,21,24
8162,5,2,6,2,24,28
8162,5,2,7,2,28,49
8206,1,1,1,1,0,35
8206,2,1,2,1,35,48
8557,1,1,1,1,0,40
8557,1,2,2,1,40,47
8557,2,3,3,2,0,12
8557,3,3,4,2,12,28
8557,3,4,5,2,28,49
8562,1,1,1,1,0,46
8562,2,2,2,2,0,20
8562,3,2,3,2,20,43
8562,4,2,4,2,43,51
8570,1,1,1,1,0,47
8576,1,1,1,1,0,20
8576,1,1,2,1,20,46
8576,2,2,3,2,0,8
8576,3,2,4,2,8,20
8576,4,2,5,2,20,34
8576,5,2,6,2,34,50
8599,1,1,1,1,0,48
8599,2,2,2,2,0,11
8599,3,2,3,2,11,21
8599,4,2,4,2,21,49
8616,1,1,1,1,0,9
8616,1,1,2,1,9,40
8616,1,1,3,1,40,48
8616,2,2,4,2,0,9
8616,3,2,5,2,9,30
8616,4,2,6,2,30,40
8616,4,2,7,2,40,47
8624,1,1,1,1,0,31
8624,1,1,2,1,31,47
8624,2,2,3,2,0,15
8624,3,2,4,2,15,32
8624,4,2,5,2,32,48
8809,1,1,1,1,0,46
8809,2,2,2,2,0,14
8809,3,2,3,2,14,36
8809,4,2,4,2,36,42
8809,4,2,5,2,42,50
8813,1,1,1,1,0,40
8813,1,1,2,1,40,46
8813,2,2,3,2,0,26
8813,3,2,4,2,26,48
8814,1,1,1,1,0,8
8814,1,1,2,1,8,21
8814,1,1,3,1,21,40
8814,2,1,4,1,40,46
8818,1,1,1,1,0,47
8818,2,2,2,2,0,24
8818,3,2,3,2,24,37
8818,4,2,4,2,37,48
8834,1,1,1,1,0,46
8834,2,2,2,2,0,13
8834,3,2,3,2,13,33
8834,4,2,4,2,33,45
8834,5,3,5,2,45,51
8929,2,1,1,2,0,11
8929,3,1,2,2,11,39
8929,4,1,3,2,39,48
8933,1,1,1,1,0,18
8933,2,1,2,1,18,49
8935,1,1,1,1,0,45
8935,2,2,2,2,0,14
8935,3,2,3,2,14,36
8935,4,2,4,2,36,39
8935,5,2,5,2,39,49
8937,3,1,1,2,0,13
8937,3,1,2,2,13,20
8937,3,1,3,2,20,33
8937,4,1,4,2,33,37
8937,5,1,5,2,37,52
8944,1,1,1,1,0,25
8944,1,1,2,1,25,34
8944,1,1,3,1,34,45
8960,1,1,1,1,0,46
8960,2,2,2,2,0,15
8960,3,2,3,2,15,35
8960,4,2,4,2,35,50
8966,2,1,1,2,0,11
8966,3,1,2,2,11,16
8966,4,1,3,2,16,27
8966,5,1,4,2,27,29
8966,6,1,5,2,29,52
8970,1,1,1,1,0,35
8970,1,1,2,1,35,46
8970,2,2,3,2,0,12
8970,3,2,4,2,12,18
8970,4,2,5,2,18,49
8983,1,1,1,1,0,22
8983,1,1,2,1,22,47
8983,2,2,3,2,0,14
8983,3,2,4,2,14,21
8983,4,2,5,2,21,42
8983,4,2,6,2,42,51
9009,1,1,1,1,0,47
9009,2,2,2,2,0,32
9009,3,2,3,2,32,44
9009,4,2,4,2,44,50
9040,2,1,1,2,0,10
9040,2,1,2,2,10,22
9040,3,1,3,2,22,37
9040,4,1,4,2,37,51
9064,1,1,1,1,0,46
9064,2,2,2,2,0,11
9064,3,2,3,2,11,30
9064,4,3,4,2,30,38
9064,4,3,5,2,38,49
9281,1,1,1,1,0,30
9281,1,1,2,1,30,47
9281,2,2,3,2,0,22
9281,3,2,4,2,22,38
9281,4,2,5,2,38,43
9281,5,2,6,2,43,48
9285,1,1,1,1,0,47
9285,2,2,2,2,0,5
9285,2,2,3,2,5,28
9285,3,2,4,2,28,32
9285,4,2,5,2,32,46
9285,5,2,6,2,46,49
12864,1,1,1,1,0,47
12868,1,1,1,1,0,47
12868,2,2,2,2,0,9
12868,3,2,3,2,9,21
12868,4,2,4,2,21,48
12870,1,1,1,1,0,43
12870,2,1,2,1,43,49
12870,3,2,3,2,0,18
12870,4,2,4,2,18,31
12870,5,2,5,2,31,50
12871,1,1,1,1,0,23
12871,1,1,2,1,23,31
12871,1,1,3,1,31,36
12871,2,1,4,1,36,46
12887,1,1,1,1,0,46
12887,2,2,2,2,0,19
12887,3,2,3,2,19,38
12887,4,2,4,2,38,46
12887,5,2,5,2,46,50
12890,1,1,1,1,0,46
12890,2,2,2,2,0,15
12890,3,2,3,2,15,36
12890,4,2,4,2,36,47
12892,1,1,1,1,0,47
12892,2,1,2,1,47,48
12892,3,2,3,2,0,15
12892,4,2,4,2,15,26
12892,5,2,5,2,26,38
12892,5,2,6,2,38,48
12895,1,1,1,1,0,46
12895,2,2,2,2,0,27
12895,3,2,3,2,27,42
12895,4,2,4,2,42,47
12911,1,1,1,1,0,46
12911,2,2,2,2,0,9
12911,3,2,3,2,9,36
12911,4,2,4,2,36,50
13043,1,1,1,1,0,46
13043,2,2,2,2,0,29
13043,3,2,3,2,29,42
13043,4,2,4,2,42,48
13044,1,1,1,1,0,47
13050,1,1,1,1,0,46
13050,2,2,2,2,0,10
13050,3,2,3,2,10,30
13050,4,2,4,2,30,37
13050,5,2,5,2,37,48
13055,1,1,1,1,0,13
13055,1,1,2,1,13,47
13055,2,2,3,2,0,5
13055,3,2,4,2,5,11
13055,4,2,5,2,11,37
13055,5,3,6,2,37,51
13073,1,1,1,1,0,43
13073,1,2,2,1,43,51
13073,2,3,3,2,0,22
13073,3,3,4,2,22,36
13073,4,3,5,2,36,47
13073,5,3,6,2,47,50
13075,1,1,1,1,0,6
13075,1,1,2,1,6,46
13075,2,2,3,2,0,10
13075,3,2,4,2,10,20
13075,4,2,5,2,20,34
13075,5,2,6,2,34,41
13075,5,3,7,2,41,48
13078,1,1,1,1,0,35
13078,1,1,2,1,35,46
13078,2,2,3,2,0,7
13078,3,2,4,2,7,42
13078,4,2,5,2,42,52
13081,1,1,1,1,0,48
13081,2,2,2,2,0,21
13081,3,2,3,2,21,30
13081,4,2,4,2,30,49
13089,1,1,1,1,0,47
13100,1,1,1,1,0,14
13100,1,1,2,1,14,26
13100,2,1,3,1,26,47
13213,1,1,1,1,0,46
13213,2,2,2,2,0,2
13213,3,2,3,2,2,20
13213,4,2,4,2,20,36
13213,5,2,5,2,36,54
13215,1,1,1,1,0,42
13215,2,1,2,1,42,46
13215,3,2,3,2,0,11
13215,4,2,4,2,11,26
13215,5,2,5,2,26,48
13216,1,1,1,1,0,37
13216,1,1,2,1,37,46
13216,2,2,3,2,0,25
13216,3,2,4,2,25,50
13216,4,2,5,2,50,54
13224,1,1,1,1,0,45
13224,2,2,2,2,0,16
13224,3,2,3,2,16,23
13224,4,2,4,2,23,28
13224,5,2,5,2,28,39
13224,6,2,6,2,39,50
13225,1,1,1,1,0,40
13225,1,1,2,1,40,47
13225,2,2,3,2,0,21
13225,3,2,4,2,21,39
13225,4,2,5,2,39,49
13226,1,1,1,1,0,24
13226,1,2,2,1,24,47
13226,2,3,3,2,0,13
13226,3,3,4,2,13,23
13226,4,3,5,2,23,48
13227,1,1,1,1,0,47
13229,1,1,1,1,0,35
13229,1,1,2,1,35,46
13229,2,2,3,2,0,10
13229,3,2,4,2,10,26
13229,4,2,5,2,26,47
13229,5,2,6,2,47,48
13231,2,1,1,2,0,11
13231,3,1,2,2,11,29
13231,4,1,3,2,29,48
13253,1,1,1,1,0,46
13253,2,2,2,2,0,18
13253,3,2,3,2,18,24
13253,4,2,4,2,24,38
13253,5,2,5,2,38,48
13278,1,1,1,1,0,15
13278,1,1,2,1,15,45
13278,2,2,3,2,0,27
13278,3,2,4,2,27,44
13278,4,2,5,2,44,50
13319,1,1,1,1,0,19
13319,1,1,2,1,19,46
13319,2,2,3,2,0,24
13319,3,2,4,2,24,31
13319,3,2,5,2,31,44
13319,4,2,6,2,44,49
13339,1,1,1,1,0,46
13339,2,2,2,2,0,35
13339,3,2,3,2,35,41
13339,4,2,4,2,41,50
13343,1,1,1,1,0,8
13343,1,1,2,1,8,46
13343,2,2,3,2,0,27
13343,3,2,4,2,27,40
13343,4,2,5,2,40,48
13352,1,1,1,1,0,46
13352,2,2,2,2,0,9
13352,3,2,3,2,9,17
13352,4,2,4,2,17,34
13352,5,2,5,2,34,51
13448,1,1,1,1,0,22
13448,1,1,2,1,22,29
13448,1,1,3,1,29,38
13448,2,1,4,1,38,47
13448,3,2,5,2,0,17
13448,4,2,6,2,17,28
13448,5,2,7,2,28,49
13471,1,1,1,1,0,50
13475,1,1,1,1,0,23
13475,2,1,2,1,23,46
13475,3,2,3,2,0,30
13475,4,2,4,2,30,45
13475,4,2,5,2,45,53
13479,1,1,1,1,0,50
13484,2,1,1,2,0,33
13484,3,1,2,2,33,35
13484,4,1,3,2,35,44
13484,4,1,4,2,44,53
13488,1,1,1,1,0,15
13488,2,1,2,1,15,18
13488,3,1,3,1,18,46
13501,1,1,1,1,0,33
13501,2,1,2,1,33,38
13501,2,1,3,1,38,46
13503,1,1,1,1,0,23
13503,1,2,2,1,23,39
13503,2,2,3,1,39,49
13505,2,1,1,2,0,28
13505,3,1,2,2,28,35
13505,4,1,3,2,35,39
13505,5,1,4,2,39,48
13541,2,1,1,2,0,22
13541,3,1,2,2,22,31
13541,4,1,3,2,31,49
13681,2,1,1,2,0,14
13681,3,1,2,2,14,26
13681,4,1,3,2,26,35
13681,5,1,4,2,35,48
13683,1,1,1,1,0,5
13683,2,1,2,1,5,33
13683,2,1,3,1,33,47
13683,3,2,4,2,0,33
13683,4,2,5,2,33,48
13720,1,1,1,1,0,26
13720,1,1,2,1,26,35
13720,1,1,3,1,35,47
13720,2,2,4,2,0,19
13720,3,2,5,2,19,24
13720,4,2,6,2,24,34
13720,5,2,7,2,34,50
13721,1,1,1,1,0,46
13721,2,2,2,2,0,11
13721,3,2,3,2,11,18
13721,4,2,4,2,18,32
13721,4,2,5,2,32,39
13721,5,2,6,2,39,49
13740,1,1,1,1,0,40
13740,2,1,2,1,40,49
13740,3,2,3,2,0,31
13740,4,2,4,2,31,48
13941,1,1,1,1,0,38
13941,2,1,2,1,38,46
13941,3,2,3,2,0,25
13941,4,2,4,2,25,32
13941,5,2,5,2,32,49
13942,1,1,1,1,0,45
13942,2,2,2,2,0,26
13942,3,2,3,2,26,29
13942,4,2,4,2,29,42
13942,5,2,5,2,42,47
13944,1,1,1,1,0,40
13944,2,1,2,1,40,48
13944,3,2,3,2,0,9
13944,4,2,4,2,9,19
13944,5,2,5,2,19,49
13945,1,1,1,1,0,47
13945,2,2,2,2,0,15
13945,3,2,3,2,15,23
13945,4,2,4,2,23,49
13952,1,1,1,1,0,41
13952,2,1,2,1,41,46
13961,1,1,1,1,0,49
13961,2,2,2,2,0,14
13961,3,2,3,2,14,33
13961,4,2,4,2,33,50
13962,1,1,1,1,0,34
13962,1,1,2,1,34,48
13962,2,2,3,2,0,6
13962,2,2,4,2,6,26
13962,3,2,5,2,26,33
13962,4,2,6,2,33,35
13962,5,2,7,2,35,49
14002,1,1,1,1,0,46
14002,2,2,2,2,0,28
14002,3,2,3,2,28,46
14002,4,2,4,2,46,51
14039,1,1,1,1,0,31
14039,2,1,2,1,31,46
14048,1,1,1,1,0,45
14048,2,2,2,2,0,24
14048,3,2,3,2,24,42
14048,4,2,4,2,42,48
14078,1,1,1,1,0,46
14078,2,2,2,2,0,7
14078,3,2,3,2,7,13
14078,4,2,4,2,13,39
14078,4,2,5,2,39,47
14078,5,2,6,2,47,49
14082,1,1,1,1,0,45
14082,2,2,2,2,0,10
14082,2,2,3,2,10,31
14082,3,2,4,2,31,44
14082,4,2,5,2,44,47
14082,5,2,6,2,47,48
14088,1,1,1,1,0,36
14088,1,1,2,1,36,45
14088,2,2,3,2,0,17
14088,3,2,4,2,17,24
14088,4,2,5,2,24,37
14088,5,2,6,2,37,48
14089,1,1,1,1,0,20
14089,1,1,2,1,20,38
14089,2,1,3,1,38,46
14089,3,2,4,2,0,22
14089,4,2,5,2,22,42
14089,5,2,6,2,42,53
14212,1,1,1,1,0,27
14212,1,1,2,1,27,46
14212,2,2,3,2,0,9
14212,3,2,4,2,9,39
14212,4,2,5,2,39,48
14247,1,1,1,1,0,24
14247,1,1,2,1,24,46
14247,2,2,3,2,0,16
14247,3,2,4,2,16,25
14247,4,2,5,2,25,35
14247,5,2,6,2,35,49
14249,1,1,1,1,0,47
14256,1,1,1,1,0,18
14256,1,1,2,1,18,46
14256,2,2,3,2,0,28
14256,3,2,4,2,28,41
14256,4,2,5,2,41,45
14256,5,2,6,2,45,48
14258,1,1,1,1,0,19
14258,1,1,2,1,19,34
14258,2,1,3,1,34,47
14258,3,2,4,2,0,39
14258,4,2,5,2,39,50
14274,1,1,1,1,0,46
14274,2,2,2,2,0,10
14274,3,2,3,2,10,28
14274,4,2,4,2,28,37
14274,5,2,5,2,37,49
14293,1,1,1,1,0,46
14293,2,2,2,2,0,11
14293,2,2,3,2,11,21
14293,3,2,4,2,21,31
14293,4,2,5,2,31,48
14296,1,1,1,1,0,27
14296,2,1,2,1,27,30
14296,2,1,3,1,30,46
14524,1,1,1,1,0,22
14524,1,1,2,1,22,28
14524,1,1,3,1,28,36
14524,1,1,4,1,36,47
14524,2,2,5,2,0,10
14524,3,2,6,2,10,29
14524,4,2,7,2,29,37
14524,4,2,8,2,37,49
14534,2,1,1,2,0,22
14534,3,1,2,2,22,35
14534,4,1,3,2,35,41
14534,4,1,4,2,41,49
14572,1,1,1,1,0,26
14572,2,1,2,1,26,40
14572,3,1,3,1,40,49
14643,1,1,1,1,0,7
14643,1,1,2,1,7,29
14643,2,1,3,1,29,49
14643,3,2,4,2,0,14
14643,4,2,5,2,14,32
14643,5,2,6,2,32,51
14658,1,1,1,1,0,47
14658,2,2,2,2,0,17
14658,2,2,3,2,17,24
14658,3,3,4,2,24,27
14658,4,3,5,2,27,40
14658,5,3,6,2,40,55
14856,2,1,1,2,0,8
14856,3,1,2,2,8,28
14856,4,1,3,2,28,40
14856,4,1,4,2,40,49
14859,1,1,1,1,0,45
14859,2,2,2,2,0,28
14859,3,2,3,2,28,35
14859,4,2,4,2,35,50
14885,1,1,1,1,0,47
14885,2,2,2,2,0,21
14885,3,2,3,2,21,27
14885,4,2,4,2,27,34
14885,5,2,5,2,34,40
14885,5,2,6,2,40,49
14888,1,1,1,1,0,18
14888,2,1,2,1,18,48
14888,3,2,3,2,0,16
14888,4,2,4,2,16,24
14888,5,2,5,2,24,34
14888,5,2,6,2,34,48
14889,1,1,1,1,0,49
14889,2,2,2,2,0,11
14889,3,2,3,2,11,19
14889,4,2,4,2,19,29
14889,5,2,5,2,29,48
14890,1,1,1,1,0,46
14890,2,2,2,2,0,14
14890,3,2,3,2,14,18
14890,4,2,4,2,18,45
14890,5,2,5,2,45,52
14899,1,1,1,1,0,15
14899,2,1,2,1,15,47
14929,1,1,1,1,0,31
14929,1,1,2,1,31,46
14929,2,2,3,2,0,18
14929,3,2,4,2,18,33
14929,4,2,5,2,33,50
14929,5,2,6,2,50,52
14933,1,1,1,1,0,8
14933,2,2,2,1,8,47
14933,3,3,3,2,0,9
14933,4,3,4,2,9,16
14933,5,3,5,2,16,40
14933,5,4,6,2,40,49
15193,1,1,1,1,0,27
15193,1,1,2,1,27,35
15193,1,1,3,1,35,46
15193,2,2,4,2,0,18
15193,3,2,5,2,18,22
15193,4,2,6,2,22,35
15193,5,3,7,2,35,48
15215,1,1,1,1,0,49
15215,2,2,2,2,0,10
15215,2,3,3,2,10,30
15215,3,3,4,2,30,49
15216,1,1,1,1,0,31
15216,1,1,2,1,31,47
15216,2,2,3,2,0,22
15216,3,2,4,2,22,46
15217,1,1,1,1,0,47
15217,2,2,2,2,0,11
15217,3,2,3,2,11,19
15217,4,2,4,2,19,31
15217,4,2,5,2,31,46
15218,1,1,1,1,0,43
15218,2,1,2,1,43,49
15220,1,1,1,1,0,46
15220,2,2,2,2,0,12
15220,3,2,3,2,12,32
15220,4,2,4,2,32,48
15243,1,1,1,1,0,35
15243,1,1,2,1,35,46
15243,2,2,3,2,0,16
15243,3,2,4,2,16,19
15243,4,2,5,2,19,36
15243,4,2,6,2,36,48
15247,1,1,1,1,0,47
15247,2,2,2,2,0,8
15247,3,2,3,2,8,33
15247,4,2,4,2,33,40
15247,5,2,5,2,40,48
15545,1,1,1,1,0,46
15545,2,2,2,2,0,16
15545,3,2,3,2,16,20
15545,4,2,4,2,20,36
15545,4,2,5,2,36,41
15545,5,2,6,2,41,48
15552,1,1,1,1,0,32
15552,1,1,2,1,32,47
15552,2,2,3,2,0,19
15552,3,2,4,2,19,31
15552,4,2,5,2,31,41
15552,5,2,6,2,41,49
15569,1,1,1,1,0,46
15571,1,1,1,1,0,47
15571,2,2,2,2,0,9
15571,3,2,3,2,9,28
15571,4,2,4,2,28,35
15571,4,2,5,2,35,41
15571,4,2,6,2,41,50
15576,1,1,1,1,0,46
15576,2,2,2,2,0,42
15576,3,2,3,2,42,47
15576,4,2,4,2,47,50
15580,1,1,1,1,0,46
15580,2,2,2,2,0,17
15580,3,2,3,2,17,32
15580,4,2,4,2,32,49
15581,1,1,1,1,0,5
15581,1,1,2,1,5,18
15581,1,1,3,1,18,30
15581,1,1,4,1,30,47
15581,2,2,5,2,0,7
15581,3,2,6,2,7,16
15581,4,2,7,2,16,31
15581,5,2,8,2,31,50
15601,1,1,1,1,0,29
15601,2,1,2,1,29,39
15601,2,1,3,1,39,47
15601,3,2,4,2,0,18
15601,4,2,5,2,18,38
15601,5,2,6,2,38,43
15601,5,2,7,2,43,50
15609,1,1,1,1,0,46
15609,2,2,2,2,0,26
15609,3,2,3,2,26,43
15609,3,2,4,2,43,51
15652,1,1,1,1,0,47
15652,2,2,2,2,0,5
15652,3,2,3,2,5,15
15652,4,2,4,2,15,41
15652,4,2,5,2,41,49
15849,1,1,1,1,0,46
15849,2,2,2,2,0,11
15849,2,2,3,2,11,33
15849,3,2,4,2,33,40
15849,4,3,5,2,40,48
15850,1,1,1,1,0,22
15850,1,1,2,1,22,50
15850,2,2,3,2,0,6
15850,2,2,4,2,6,15
15850,3,2,5,2,15,27
15850,4,2,6,2,27,36
15850,4,2,7,2,36,43
15850,4,2,8,2,43,47
15850,5,2,9,2,47,50
15855,1,1,1,1,0,18
15855,1,1,2,1,18,30
15855,2,1,3,1,30,46
15855,3,2,4,2,0,29
15855,4,2,5,2,29,43
15855,5,2,6,2,43,48
15856,1,1,1,1,0,46
15860,1,1,1,1,0,45
15860,2,2,2,2,0,13
15860,3,2,3,2,13,34
15860,4,2,4,2,34,47
15865,2,1,1,2,0,17
15865,3,1,2,2,17,26
15865,4,1,3,2,26,36
15865,5,1,4,2,36,49
15868,1,1,1,1,0,25
15868,1,1,2,1,25,38
15868,1,1,3,1,38,47
15868,2,2,4,2,0,17
15868,3,2,5,2,17,25
15868,4,2,6,2,25,40
15868,5,2,7,2,40,51
15884,1,1,1,1,0,45
15884,2,2,2,2,0,20
15884,3,2,3,2,20,24
15884,4,2,4,2,24,41
15884,4,2,5,2,41,46
15884,5,2,6,2,46,47
15899,1,1,1,1,0,22
15899,1,1,2,1,22,46
15899,2,2,3,2,0,23
15899,3,2,4,2,23,37
15899,4,2,5,2,37,48
15938,1,1,1,1,0,47
15938,2,2,2,2,0,34
15938,3,2,3,2,34,35
15938,4,2,4,2,35,46
15938,5,2,5,2,46,50
16150,1,1,1,1,0,9
16150,1,2,2,1,9,46
16150,2,3,3,2,0,8
16150,3,3,4,2,8,32
16150,4,3,5,2,32,37
16150,5,3,6,2,37,49
16166,1,1,1,1,0,30
16166,2,1,2,1,30,39
16166,3,1,3,1,39,48
16166,4,2,4,2,0,18
16166,5,2,5,2,18,51
16169,1,1,1,1,0,38
16169,2,1,2,1,38,46
16169,3,2,3,2,0,43
16169,4,2,4,2,43,46
16169,5,2,5,2,46,51
16171,1,1,1,1,0,23
16171,1,1,2,1,23,48
16174,1,1,1,1,0,46
16174,2,2,2,2,0,22
16174,3,2,3,2,22,29
16174,4,2,4,2,29,44
16174,5,2,5,2,44,49
16196,1,1,1,1,0,30
16196,2,1,2,1,30,50
16196,3,2,3,2,0,8
16196,4,2,4,2,8,27
16196,4,2,5,2,27,48
16198,1,1,1,1,0,5
16198,1,1,2,1,5,16
16198,1,1,3,1,16,26
16198,1,1,4,1,26,46
16198,2,2,5,2,0,9
16198,3,2,6,2,9,27
16198,4,2,7,2,27,49
16245,1,1,1,1,0,13
16245,2,1,2,1,13,34
16245,2,1,3,1,34,46
16245,3,2,4,2,0,15
16245,4,2,5,2,15,22
16245,4,2,6,2,22,30
16245,5,2,7,2,30,49
16262,1,1,1,1,0,29
16262,1,1,2,1,29,48
16262,2,2,3,2,0,11
16262,3,2,4,2,11,42
16262,3,2,5,2,42,46
16262,4,2,6,2,46,48
16457,1,1,1,1,0,32
16457,1,1,2,1,32,39
16457,1,1,3,1,39,47
16457,2,2,4,2,0,12
16457,3,2,5,2,12,30
16457,4,2,6,2,30,39
16457,5,2,7,2,39,52
16469,1,1,1,1,0,32
16469,1,1,2,1,32,47
16469,2,2,3,2,0,17
16469,3,2,4,2,17,22
16469,4,2,5,2,22,31
16469,5,2,6,2,31,43
16469,5,2,7,2,43,50
16473,1,1,1,1,0,46
16473,2,2,2,2,0,34
16473,3,2,3,2,34,44
16473,4,2,4,2,44,48
16474,1,1,1,1,0,44
16474,2,1,2,1,44,48
16477,1,1,1,1,0,48
16512,1,1,1,1,0,46
16514,1,1,1,1,0,39
16514,2,1,2,1,39,46
16514,3,2,3,2,0,8
16514,3,3,4,2,8,21
16514,4,3,5,2,21,41
16514,5,3,6,2,41,52
16520,1,1,1,1,0,18
16520,1,1,2,1,18,46
16520,2,2,3,2,0,11
16520,3,2,4,2,11,16
16520,4,2,5,2,16,50
16562,1,1,1,1,0,46
16562,2,2,2,2,0,17
16562,3,2,3,2,17,36
16562,4,2,4,2,36,48
16563,1,1,1,1,0,46
16563,2,2,2,2,0,29
16563,3,2,3,2,29,33
16563,4,2,4,2,33,43
16563,5,2,5,2,43,50
16810,1,1,1,1,0,47
16810,2,2,2,2,0,33
16810,3,2,3,2,33,51
16810,4,2,4,2,51,55
16860,2,1,1,2,0,13
16860,3,1,2,2,13,35
16860,4,1,3,2,35,49
16861,1,1,1,1,0,48
16861,2,2,2,2,0,5
16861,2,2,3,2,5,17
16861,2,2,4,2,17,28
16861,3,2,5,2,28,33
16861,4,2,6,2,33,39
16861,5,2,7,2,39,50
16870,1,1,1,1,0,30
16870,1,1,2,1,30,47
16870,2,2,3,2,0,10
16870,3,2,4,2,10,35
16870,4,2,5,2,35,49
16890,1,1,1,1,0,31
16890,1,1,2,1,31,47
16890,2,2,3,2,0,20
16890,3,2,4,2,20,25
16890,4,2,5,2,25,43
16890,5,2,6,2,43,49
16891,1,1,1,1,0,48
16891,2,2,2,2,0,22
16891,3,2,3,2,22,41
16891,4,2,4,2,41,49
16894,1,1,1,1,0,27
16894,1,1,2,1,27,47
16894,2,2,3,2,0,26
16894,3,2,4,2,26,39
16894,4,2,5,2,39,48
16900,1,1,1,1,0,41
16900,1,1,2,1,41,47
16900,2,2,3,2,0,9
16900,3,2,4,2,9,22
16900,4,2,5,2,22,41
16900,4,2,6,2,41,52
16934,1,1,1,1,0,48
16934,2,2,2,2,0,18
16934,3,2,3,2,18,21
16934,4,2,4,2,21,31
16934,5,2,5,2,31,43
16934,5,2,6,2,43,50
16971,1,1,1,1,0,34
16971,1,1,2,1,34,47
16971,2,2,3,2,0,29
16971,3,2,4,2,29,32
16971,4,2,5,2,32,44
16971,5,2,6,2,44,50
16980,1,1,1,1,0,37
16980,1,1,2,1,37,48
16980,2,2,3,2,0,7
16980,2,3,4,2,7,29
16980,3,3,5,2,29,36
16980,4,3,6,2,36,50
17255,1,1,1,1,0,29
17255,1,1,2,1,29,46
17255,2,2,3,2,0,30
17255,3,2,4,2,30,37
17255,4,2,5,2,37,43
17255,4,2,6,2,43,49
17257,1,1,1,1,0,46
17257,2,2,2,2,0,10
17257,3,2,3,2,10,25
17257,4,2,4,2,25,37
17257,5,2,5,2,37,48
17284,1,1,1,1,0,46
17284,2,2,2,2,0,16
17284,3,2,3,2,16,28
17284,4,2,4,2,28,41
17284,5,2,5,2,41,48
17304,1,1,1,1,0,46
17304,2,2,2,2,0,9
17304,3,2,3,2,9,29
17304,4,2,4,2,29,35
17304,5,3,5,2,35,50
17306,1,1,1,1,0,46
17306,2,2,2,2,0,23
17306,3,2,3,2,23,29
17306,4,2,4,2,29,38
17306,5,2,5,2,38,49
17329,1,1,1,1,0,46
17329,2,2,2,2,0,12
17329,3,2,3,2,12,28
17329,4,2,4,2,28,37
17329,5,2,5,2,37,48
17353,1,1,1,1,0,39
17353,1,1,2,1,39,46
17353,2,2,3,2,0,14
17353,3,2,4,2,14,30
17353,4,2,5,2,30,49
17361,1,1,1,1,0,46
17361,2,2,2,2,0,26
17361,3,2,3,2,26,39
17361,4,2,4,2,39,44
17361,5,2,5,2,44,49
17375,1,1,1,1,0,23
17375,1,1,2,1,23,34
17375,1,2,3,1,34,46
17375,2,3,4,2,0,9
17375,3,3,5,2,9,35
17375,4,3,6,2,35,40
17375,5,3,7,2,40,49
17386,1,1,1,1,0,19
17386,1,1,2,1,19,46
17386,2,2,3,2,0,16
17386,3,2,4,2,16,25
17386,4,2,5,2,25,36
17386,5,2,6,2,36,53
17393,1,1,1,1,0,46
17393,2,2,2,2,0,16
17393,3,2,3,2,16,38
17393,4,2,4,2,38,53
17529,1,1,1,1,0,18
17529,1,1,2,1,18,47
17529,2,2,3,2,0,7
17529,3,2,4,2,7,20
17529,4,2,5,2,20,49
17649,1,1,1,1,0,6
17649,1,1,2,1,6,47
17649,2,2,3,2,0,23
17649,3,2,4,2,23,50
17652,1,1,1,1,0,46
17652,2,2,2,2,0,4
17652,3,2,3,2,4,21
17652,4,2,4,2,21,28
17652,5,2,5,2,28,53
17659,1,1,1,1,0,47
17659,2,2,2,2,0,22
17659,3,2,3,2,22,27
17659,4,2,4,2,27,42
17659,5,2,5,2,42,48
17669,1,1,1,1,0,17
17669,1,1,2,1,17,46
17669,2,2,3,2,0,26
17669,3,2,4,2,26,36
17669,4,2,5,2,36,52
17672,1,1,1,1,0,48
17672,2,2,2,2,0,19
17672,3,2,3,2,19,31
17672,4,2,4,2,31,33
17672,5,2,5,2,33,38
17672,5,2,6,2,38,51
17676,1,1,1,1,0,46
17676,2,2,2,2,0,12
17676,3,2,3,2,12,37
17676,4,2,4,2,37,48
17681,1,1,1,1,0,47
17681,2,2,2,2,0,30
17681,3,3,3,2,30,49
17684,1,1,1,1,0,46
17684,2,2,2,2,0,32
17684,3,2,3,2,32,37
17684,3,2,4,2,37,43
17684,4,2,5,2,43,49
17692,1,1,1,1,0,33
17692,1,1,2,1,33,42
17692,2,1,3,1,42,47
17692,3,2,4,2,0,15
17692,4,3,5,2,15,20
17692,5,3,6,2,20,50
17740,1,1,1,1,0,46
17945,1,1,1,1,0,45
17945,2,2,2,2,0,31
17945,3,2,3,2,31,45
17945,4,2,4,2,45,50
17985,1,1,1,1,0,18
17985,1,2,2,1,18,46
17985,2,3,3,2,0,13
17985,3,4,4,2,13,40
17985,4,4,5,2,40,48
18040,1,1,1,1,0,26
18040,1,1,2,1,26,40
18040,2,1,3,1,40,46
18040,3,2,4,2,0,19
18040,4,2,5,2,19,41
18040,5,2,6,2,41,49
18045,1,1,1,1,0,46
18045,2,2,2,2,0,8
18045,3,2,3,2,8,35
18045,4,2,4,2,35,48
18047,1,1,1,1,0,46
18047,2,2,2,2,0,13
18047,3,2,3,2,13,25
18047,4,2,4,2,25,34
18047,5,2,5,2,34,39
18047,6,2,6,2,39,49
18049,1,1,1,1,0,13
18049,1,1,2,1,13,46
18049,2,2,3,2,0,30
18049,3,2,4,2,30,33
18049,4,2,5,2,33,52
18057,3,1,1,2,0,12
18057,4,1,2,2,12,37
18057,5,1,3,2,37,49
18086,1,1,1,1,0,38
18086,1,1,2,1,38,46
18086,2,2,3,2,0,10
18086,3,2,4,2,10,15
18086,4,2,5,2,15,24
18086,4,2,6,2,24,48
18115,1,1,1,1,0,46
18115,2,2,2,2,0,19
18115,3,2,3,2,19,31
18115,3,2,4,2,31,37
18115,4,2,5,2,37,43
18115,5,2,6,2,43,51
18145,1,1,1,1,0,33
18145,1,1,2,1,33,46
18145,2,2,3,2,0,15
18145,3,2,4,2,15,37
18145,4,2,5,2,37,39
18145,5,2,6,2,39,48
18405,1,1,1,1,0,24
18405,1,1,2,1,24,47
18405,2,2,3,2,0,16
18405,3,2,4,2,16,30
18405,4,2,5,2,30,42
18405,5,2,6,2,42,49
18414,1,1,1,1,0,46
18414,2,2,2,2,0,12
18414,3,2,3,2,12,44
18414,4,2,4,2,44,48
18434,1,1,1,1,0,13
18434,1,1,2,1,13,46
18434,2,2,3,2,0,12
18434,3,2,4,2,12,25
18434,4,2,5,2,25,33
18434,5,2,6,2,33,48
18450,1,1,1,1,0,47
18450,2,2,2,2,0,22
18450,3,2,3,2,22,31
18450,4,2,4,2,31,52
18451,1,1,1,1,0,39
18451,1,1,2,1,39,45
18451,2,2,3,2,0,15
18451,3,2,4,2,15,27
18451,4,2,5,2,27,49
18452,2,1,1,2,0,29
18452,3,1,2,2,29,41
18452,4,1,3,2,41,52
18462,2,1,1,2,0,43
18462,3,1,2,2,43,49
18499,1,1,1,1,0,33
18499,1,1,2,1,33,37
18499,2,1,3,1,37,46
18499,3,2,4,2,0,36
18499,4,2,5,2,36,43
18499,5,2,6,2,43,50
18508,1,1,1,1,0,46
18542,1,1,1,1,0,38
18542,2,1,2,1,38,47
18542,3,2,3,2,0,11
18542,4,2,4,2,11,35
18542,5,2,5,2,35,52
18605,1,1,1,1,0,47
18605,2,2,2,2,0,11
18605,3,2,3,2,11,39
18605,4,2,4,2,39,52
18627,1,1,1,1,0,26
18627,1,1,2,1,26,46
18630,1,1,1,1,0,46
18630,2,2,2,2,0,28
18630,3,2,3,2,28,45
18630,4,3,4,2,45,51
18807,1,1,1,1,0,15
18807,2,1,2,1,15,27
18807,2,1,3,1,27,46
18807,3,2,4,2,0,33
18807,4,2,5,2,33,37
18807,5,2,6,2,37,49
18808,1,1,1,1,0,9
18808,1,1,2,1,9,41
18808,2,1,3,1,41,47
18808,3,2,4,2,0,5
18808,4,2,5,2,5,34
18808,5,2,6,2,34,48
18832,3,1,1,2,0,14
18832,4,1,2,2,14,29
18832,5,1,3,2,29,49
18849,1,1,1,1,0,27
18849,2,1,2,1,27,46
18849,3,2,3,2,0,8
18849,4,2,4,2,8,25
18849,5,2,5,2,25,50
18850,1,1,1,1,0,38
18850,1,1,2,1,38,46
18850,2,2,3,2,0,22
18850,3,2,4,2,22,25
18850,4,2,5,2,25,40
18850,5,2,6,2,40,50
18873,1,1,1,1,0,47
18873,2,2,2,2,0,13
18873,3,2,3,2,13,30
18873,4,2,4,2,30,34
18873,5,2,5,2,34,48
18881,1,1,1,1,0,6
18881,1,1,2,1,6,46
18881,2,2,3,2,0,23
18881,3,2,4,2,23,39
18881,4,2,5,2,39,48
18896,1,1,1,1,0,11
18896,1,1,2,1,11,46
18896,2,2,3,2,0,16
18896,2,2,4,2,16,24
18896,3,2,5,2,24,29
18896,3,2,6,2,29,38
18896,4,2,7,2,38,48
18909,1,1,1,1,0,29
18909,1,1,2,1,29,46
18909,2,2,3,2,0,25
18909,3,2,4,2,25,34
18909,4,3,5,2,34,48
18930,1,1,1,1,0,46
18930,2,2,2,2,0,22
18930,3,2,3,2,22,49
19222,1,1,1,1,0,31
19222,1,1,2,1,31,50
19222,2,2,3,2,0,18
19222,3,2,4,2,18,23
19222,4,2,5,2,23,39
19222,5,2,6,2,39,49
19233,1,1,1,1,0,45
19233,2,2,2,2,0,19
19233,3,2,3,2,19,31
19233,4,2,4,2,31,40
19233,5,2,5,2,40,49
19257,1,1,1,1,0,2
19257,2,1,2,1,2,13
19257,3,1,3,1,13,26
19257,3,1,4,1,26,48
19268,1,1,1,1,0,46
19268,2,2,2,2,0,10
19268,3,2,3,2,10,28
19268,4,2,4,2,28,36
19268,5,2,5,2,36,49
19277,1,1,1,1,0,19
19277,1,1,2,1,19,47
19277,2,2,3,2,0,20
19277,3,2,4,2,20,30
19277,4,2,5,2,30,43
19277,4,2,6,2,43,47
19277,5,2,7,2,47,51
19278,1,1,1,1,0,12
19278,1,1,2,1,12,46
19278,2,2,3,2,0,7
19278,3,2,4,2,7,29
19278,4,2,5,2,29,35
19278,5,2,6,2,35,40
19278,6,2,7,2,40,51
19284,1,1,1,1,0,46
19284,2,2,2,2,0,27
19284,3,2,3,2,27,36
19284,4,2,4,2,36,51
19350,1,1,1,1,0,22
19350,1,1,2,1,22,50
19350,2,2,3,2,0,13
19350,3,2,4,2,13,37
19350,4,2,5,2,37,46
19350,5,2,6,2,46,49
19359,1,1,1,1,0,47
19359,2,2,2,2,0,19
19359,3,2,3,2,19,36
19359,4,2,4,2,36,49
19361,1,1,1,1,0,47
19361,2,2,2,2,0,19
19361,3,2,3,2,19,29
19361,3,2,4,2,29,33
19361,4,2,5,2,33,36
19361,5,2,6,2,36,49
19492,1,1,1,1,0,28
19492,1,1,2,1,28,46
19512,1,1,1,1,0,46
19512,2,2,2,2,0,5
19512,3,2,3,2,5,35
19512,4,2,4,2,35,48
19520,1,1,1,1,0,20
19520,1,1,2,1,20,38
19520,1,1,3,1,38,46
19520,2,2,4,2,0,8
19520,3,2,5,2,8,29
19520,4,2,6,2,29,37
19520,5,2,7,2,37,49
19522,1,1,1,1,0,17
19522,1,1,2,1,17,46
19522,2,2,3,2,0,22
19522,3,2,4,2,22,35
19522,4,2,5,2,35,42
19522,5,2,6,2,42,50
19524,1,1,1,1,0,46
19524,2,2,2,2,0,24
19524,3,2,3,2,24,28
19524,4,2,4,2,28,41
19524,5,2,5,2,41,49
19544,1,1,1,1,0,35
19544,1,1,2,1,35,47
19548,1,1,1,1,0,23
19548,2,1,2,1,23,26
19548,2,1,3,1,26,47
19549,1,1,1,1,0,28
19549,2,1,2,1,28,39
19549,2,1,3,1,39,48
19601,1,1,1,1,0,46
19601,2,2,2,2,0,16
19601,3,2,3,2,16,30
19601,4,2,4,2,30,31
19601,5,2,5,2,31,40
19601,5,2,6,2,40,49
19895,1,1,1,1,0,46
19895,2,2,2,2,0,14
19895,3,2,3,2,14,30
19895,4,2,4,2,30,31
19895,5,2,5,2,31,49
19901,1,1,1,1,0,32
19901,2,1,2,1,32,46
19901,3,2,3,2,0,14
19901,4,2,4,2,14,33
19901,5,3,5,2,33,42
19901,5,3,6,2,42,49
19902,1,1,1,1,0,12
19902,1,1,2,1,12,47
19902,2,2,3,2,0,13
19902,3,2,4,2,13,19
19902,4,2,5,2,19,49
19929,1,1,1,1,0,47
19929,2,2,2,2,0,9
19929,3,2,3,2,9,23
19929,3,2,4,2,23,30
19929,4,2,5,2,30,49
20025,2,1,1,2,0,16
20025,3,1,2,2,16,25
20025,4,1,3,2,25,56
20035,1,1,1,1,0,31
20035,1,1,2,1,31,37
20035,1,1,3,1,37,47
20035,2,2,4,2,0,9
20035,3,2,5,2,9,16
20035,4,2,6,2,16,36
20035,4,2,7,2,36,49
20349,1,1,1,1,0,21
20349,1,1,2,1,21,35
20349,2,1,3,1,35,47
20349,3,2,4,2,0,32
20349,4,2,5,2,32,42
20349,5,3,6,2,42,50
20364,1,1,1,1,0,40
20364,1,1,2,1,40,46
20364,2,2,3,2,0,28
20364,3,2,4,2,28,35
20364,4,2,5,2,35,42
20364,5,2,6,2,42,49
20416,1,1,1,1,0,33
20416,2,1,2,1,33,47
20416,3,2,3,2,0,27
20416,4,2,4,2,27,34
20416,4,2,5,2,34,44
20416,4,2,6,2,44,51
20420,1,1,1,1,0,13
20420,1,1,2,1,13,46
20420,2,2,3,2,0,26
20420,3,2,4,2,26,38
20420,4,2,5,2,38,44
20420,5,2,6,2,44,50
20424,1,1,1,1,0,46
20424,2,2,2,2,0,14
20424,3,2,3,2,14,21
20424,4,2,4,2,21,33
20424,5,2,5,2,33,48
20425,1,1,1,1,0,10
20425,1,1,2,1,10,38
20425,2,1,3,1,38,46
20425,3,2,4,2,0,13
20425,4,2,5,2,13,22
20425,4,2,6,2,22,33
20425,5,2,7,2,33,50
20529,1,1,1,1,0,46
20529,2,2,2,2,0,8
20529,2,2,3,2,8,15
20529,3,2,4,2,15,28
20529,4,2,5,2,28,33
20529,5,2,6,2,33,48
20831,1,1,1,1,0,46
20831,2,2,2,2,0,9
20831,3,3,3,2,9,19
20831,3,3,4,2,19,23
20831,4,3,5,2,23,39
20831,5,3,6,2,39,50
20862,1,1,1,1,0,47
20862,2,2,2,2,0,19
20862,2,2,3,2,19,26
20862,3,2,4,2,26,40
20862,4,2,5,2,40,51
20875,1,1,1,1,0,47
20875,2,2,2,2,0,16
20875,3,2,3,2,16,17
20875,4,2,4,2,17,36
20875,5,2,5,2,36,51
20888,1,1,1,1,0,39
20888,1,1,2,1,39,46
20888,2,2,3,2,0,18
20888,3,2,4,2,18,31
20888,4,2,5,2,31,38
20888,4,2,6,2,38,49
20891,1,1,1,1,0,39
20891,1,1,2,1,39,47
20891,2,2,3,2,0,11
20891,3,2,4,2,11,31
20891,4,2,5,2,31,48
20939,1,1,1,1,0,38
20939,1,1,2,1,38,46
20939,2,2,3,2,0,25
20939,3,2,4,2,25,44
20939,4,2,5,2,44,47
20939,5,2,6,2,47,49
20981,1,1,1,1,0,46
21285,1,1,1,1,0,33
21285,1,1,2,1,33,47
21285,2,2,3,2,0,7
21285,2,2,4,2,7,20
21285,3,2,5,2,20,36
21285,4,2,6,2,36,41
21285,4,2,7,2,41,50
21294,1,1,1,1,0,15
21294,2,1,2,1,15,49
21294,3,2,3,2,0,15
21294,4,2,4,2,15,40
21294,5,2,5,2,40,47
21355,1,1,1,1,0,46
21355,2,2,2,2,0,27
21355,3,2,3,2,27,32
21355,4,2,4,2,32,41
21355,5,2,5,2,41,49
21378,1,1,1,1,0,49
21688,1,1,1,1,0,39
21688,1,1,2,1,39,46
21688,2,2,3,2,0,22
21688,3,2,4,2,22,38
21688,4,2,5,2,38,41
21688,4,3,6,2,41,50
21689,1,1,1,1,0,14
21689,1,1,2,1,14,47
21689,2,2,3,2,0,23
21689,3,2,4,2,23,39
21689,4,2,5,2,39,50
21695,1,1,1,1,0,25
21695,1,2,2,1,25,47
21695,2,3,3,2,0,3
21695,3,3,4,2,3,13
21695,4,3,5,2,13,30
21695,5,3,6,2,30,50
21704,1,1,1,1,0,17
21704,1,1,2,1,17,23
21704,1,1,3,1,23,31
21704,1,1,4,1,31,47
21704,2,2,5,2,0,6
21704,2,2,6,2,6,11
21704,3,2,7,2,11,50
22213,1,1,1,1,0,47
22213,2,2,2,2,0,24
22213,3,2,3,2,24,41
22213,4,2,4,2,41,48
22216,1,1,1,1,0,17
22216,2,1,2,1,17,47
22216,3,2,3,2,0,15
22216,3,3,4,2,15,29
22216,4,3,5,2,29,48
22419,1,1,1,1,0,48
22419,2,2,2,2,0,23
22419,3,2,3,2,23,25
22419,4,2,4,2,25,40
22419,5,2,5,2,40,50
22664,1,1,1,1,0,26
22664,1,2,2,1,26,46
22664,2,3,3,2,0,19
22664,3,3,4,2,19,37
22664,4,3,5,2,37,42
22664,5,3,6,2,42,53
22875,1,1,1,1,0,29
22875,2,1,2,1,29,40
22875,2,1,3,1,40,47
22875,3,2,4,2,0,18
22875,4,2,5,2,18,49
22875,4,3,6,2,49,56
