activity_id,role_period,session,start_time,end_time,formation,squad_num,aligned_role
2310,1,1,0,36,4231,1,GK
2310,1,1,0,36,4231,4,RCB
2310,1,1,0,36,4231,7,LM
2310,1,1,0,36,4231,14,CAM
2310,1,1,0,36,4231,18,CF
2310,1,1,0,36,4231,19,LDM
2310,1,1,0,36,4231,22,RB
2310,1,1,0,36,4231,23,RM
2310,1,1,0,36,4231,33,LB
2310,1,1,0,36,4231,38,LCB
2310,1,1,0,36,4231,42,RDM
2310,2,1,36,46,4231,1,GK
2310,2,1,36,46,4231,4,RCB
2310,2,1,36,46,4231,7,CAM
2310,2,1,36,46,4231,14,LM
2310,2,1,36,46,4231,18,CF
2310,2,1,36,46,4231,19,RDM
2310,2,1,36,46,4231,22,RM
2310,2,1,36,46,4231,23,RB
2310,2,1,36,46,4231,33,LB
2310,2,1,36,46,4231,38,LCB
2310,2,1,36,46,4231,42,LDM
2310,3,2,0,22,4231,1,GK
2310,3,2,0,22,4231,4,RCB
2310,3,2,0,22,4231,7,LM
2310,3,2,0,22,4231,14,CAM
2310,3,2,0,22,4231,18,CF
2310,3,2,0,22,4231,19,RDM
2310,3,2,0,22,4231,22,RM
2310,3,2,0,22,4231,23,RB
2310,3,2,0,22,4231,33,LB
2310,3,2,0,22,4231,38,LCB
2310,3,2,0,22,4231,42,LDM
2310,4,2,22,42,4231,1,GK
2310,4,2,22,42,4231,4,RCB
2310,4,2,22,42,4231,7,LM
2310,4,2,22,42,4231,14,CAM
2310,4,2,22,42,4231,19,RDM
2310,4,2,22,42,4231,22,RM
2310,4,2,22,42,4231,23,RB
2310,4,2,22,42,4231,33,LB
2310,4,2,22,42,4231,38,LCB
2310,4,2,22,42,4231,9,CF
2310,4,2,22,42,4231,10,LDM
2310,5,2,42,51,433,1,GK
2310,5,2,42,51,433,4,RCB
2310,5,2,42,51,433,7,LM
2310,5,2,42,51,433,14,RM
2310,5,2,42,51,433,19,CDM
2310,5,2,42,51,433,23,RB
2310,5,2,42,51,433,33,LB
2310,5,2,42,51,433,38,LCB
2310,5,2,42,51,433,9,CF
2310,5,2,42,51,433,10,LCM
2310,5,2,42,51,433,17,RCM
3447,1,1,0,32,352,1,GK
3447,1,1,0,32,352,2,LCB
3447,1,1,0,32,352,5,CDM
3447,1,1,0,32,352,9,RCM
3447,1,1,0,32,352,10,RCF
3447,1,1,0,32,352,13,LCM
3447,1,1,0,32,352,15,RCB
3447,1,1,0,32,352,23,RWB
3447,1,1,0,32,352,27,LWB
3447,1,1,0,32,352,40,CB
3447,1,1,0,32,352,72,LCF
3447,2,1,32,47,352,1,GK
3447,2,1,32,47,352,2,RCB
3447,2,1,32,47,352,5,LCB
3447,2,1,32,47,352,9,RCM
3447,2,1,32,47,352,10,RCF
3447,2,1,32,47,352,13,LCM
3447,2,1,32,47,352,15,CB
3447,2,1,32,47,352,23,RWB
3447,2,1,32,47,352,27,LWB
3447,2,1,32,47,352,72,LCF
3447,2,1,32,47,352,24,CDM
3447,3,2,0,36,352,1,GK
3447,3,2,0,36,352,2,RCB
3447,3,2,0,36,352,5,LCB
3447,3,2,0,36,352,9,RCM
3447,3,2,0,36,352,10,RCF
3447,3,2,0,36,352,13,LCM
3447,3,2,0,36,352,15,CB
3447,3,2,0,36,352,23,RWB
3447,3,2,0,36,352,27,LWB
3447,3,2,0,36,352,72,LCF
3447,3,2,0,36,352,24,CDM
3447,4,2,36,50,352,1,GK
3447,4,2,36,50,352,2,RCB
3447,4,2,36,50,352,5,LCB
3447,4,2,36,50,352,9,RCM
3447,4,2,36,50,352,13,LCM
3447,4,2,36,50,352,15,CB
3447,4,2,36,50,352,23,RWB
3447,4,2,36,50,352,27,LWB
3447,4,2,36,50,352,72,LCF
3447,4,2,36,50,352,19,RCF
3447,4,2,36,50,352,24,CDM
4898,1,1,0,39,442,14,LCB
4898,1,1,0,39,442,15,RCB
4898,1,1,0,39,442,21,GK
4898,1,1,0,39,442,22,LCM
4898,1,1,0,39,442,23,LM
4898,1,1,0,39,442,25,RCM
4898,1,1,0,39,442,26,RB
4898,1,1,0,39,442,28,RCF
4898,1,1,0,39,442,29,LCF
4898,1,1,0,39,442,32,LB
4898,1,1,0,39,442,35,RM
4898,1,1,0,39,442,19, 
4898,2,1,39,45,442,14,LCB
4898,2,1,39,45,442,15,RCB
4898,2,1,39,45,442,21,GK
4898,2,1,39,45,442,22,LCM
4898,2,1,39,45,442,23,LCF
4898,2,1,39,45,442,25,RCM
4898,2,1,39,45,442,26,RB
4898,2,1,39,45,442,28,RCF
4898,2,1,39,45,442,29,LM
4898,2,1,39,45,442,32,LB
4898,2,1,39,45,442,35,RM
4898,2,1,39,45,442,19, 
4898,3,2,0,18,442,14,LCB
4898,3,2,0,18,442,15,RCB
4898,3,2,0,18,442,21,GK
4898,3,2,0,18,442,22,LCM
4898,3,2,0,18,442,23,LM
4898,3,2,0,18,442,25,RCM
4898,3,2,0,18,442,26,RB
4898,3,2,0,18,442,28,RCF
4898,3,2,0,18,442,29,LCF
4898,3,2,0,18,442,32,LB
4898,3,2,0,18,442,35,RM
4898,4,2,18,26,442,14,LCB
4898,4,2,18,26,442,15,RCB
4898,4,2,18,26,442,21,GK
4898,4,2,18,26,442,22,LCM
4898,4,2,18,26,442,25,RCM
4898,4,2,18,26,442,26,RB
4898,4,2,18,26,442,28,RCF
4898,4,2,18,26,442,29,LCF
4898,4,2,18,26,442,32,LB
4898,4,2,18,26,442,35,RM
4898,4,2,18,26,442,27,LM
4898,5,2,26,35,442,14,LCB
4898,5,2,26,35,442,15,RCB
4898,5,2,26,35,442,21,GK
4898,5,2,26,35,442,22,RCM
4898,5,2,26,35,442,25,LCM
4898,5,2,26,35,442,26,RB
4898,5,2,26,35,442,28,RM
4898,5,2,26,35,442,29,RCF
4898,5,2,26,35,442,32,LB
4898,5,2,26,35,442,11,LCF
4898,5,2,26,35,442,27,LM
4898,6,2,35,49,442,14,LCB
4898,6,2,35,49,442,15,RCB
4898,6,2,35,49,442,21,GK
4898,6,2,35,49,442,22,LCM
4898,6,2,35,49,442,26,RB
4898,6,2,35,49,442,28,RM
4898,6,2,35,49,442,29,RCF
4898,6,2,35,49,442,32,LB
4898,6,2,35,49,442,11,LCF
4898,6,2,35,49,442,27,RCM
4898,6,2,35,49,442,38,LM
4920,1,1,0,37,343,1,GK
4920,1,1,0,37,343,4,RCB
4920,1,1,0,37,343,5,LCB
4920,1,1,0,37,343,7,LM
4920,1,1,0,37,343,8,RWB
4920,1,1,0,37,343,11,LWB
4920,1,1,0,37,343,15,RCM
4920,1,1,0,37,343,18,CF
4920,1,1,0,37,343,20,CB
4920,1,1,0,37,343,24,LCM
4920,1,1,0,37,343,33,RM
4920,2,1,37,47,343,1,GK
4920,2,1,37,47,343,4,RCB
4920,2,1,37,47,343,5,LCB
4920,2,1,37,47,343,7,LM
4920,2,1,37,47,343,8,RWB
4920,2,1,37,47,343,11,LWB
4920,2,1,37,47,343,15,RCM
4920,2,1,37,47,343,20,CB
4920,2,1,37,47,343,24,LCM
4920,2,1,37,47,343,33,RM
4920,2,1,37,47,343,19,CF
4920,3,2,0,13,343,1,GK
4920,3,2,0,13,343,4,RCB
4920,3,2,0,13,343,5,LCB
4920,3,2,0,13,343,7,LM
4920,3,2,0,13,343,8,RWB
4920,3,2,0,13,343,11,LWB
4920,3,2,0,13,343,15,RCM
4920,3,2,0,13,343,20,CB
4920,3,2,0,13,343,24,LCM
4920,3,2,0,13,343,33,RM
4920,3,2,0,13,343,19,CF
4920,4,2,13,37,343,1,GK
4920,4,2,13,37,343,4,RCB
4920,4,2,13,37,343,5,LCB
4920,4,2,13,37,343,7,LM
4920,4,2,13,37,343,8,RWB
4920,4,2,13,37,343,11,LWB
4920,4,2,13,37,343,15,RCM
4920,4,2,13,37,343,20,CB
4920,4,2,13,37,343,33,RM
4920,4,2,13,37,343,9,LCM
4920,4,2,13,37,343,19,CF
4920,5,2,37,51,343,1,GK
4920,5,2,37,51,343,4,RCB
4920,5,2,37,51,343,5,LCB
4920,5,2,37,51,343,7,LM
4920,5,2,37,51,343,11,LWB
4920,5,2,37,51,343,15,RCM
4920,5,2,37,51,343,20,CB
4920,5,2,37,51,343,33,RWB
4920,5,2,37,51,343,9,LCM
4920,5,2,37,51,343,10,RM
4920,5,2,37,51,343,19,CF
5090,1,1,0,47,4231,4,LDM
5090,1,1,0,47,4231,5,CAM
5090,1,1,0,47,4231,8,RDM
5090,1,1,0,47,4231,10,LM
5090,1,1,0,47,4231,20,CF
5090,1,1,0,47,4231,21,LCB
5090,1,1,0,47,4231,22,LB
5090,1,1,0,47,4231,25,RB
5090,1,1,0,47,4231,27,RM
5090,1,1,0,47,4231,31,GK
5090,1,1,0,47,4231,92,RCB
5090,2,2,0,8,4231,4,LDM
5090,2,2,0,8,4231,5,CAM
5090,2,2,0,8,4231,8,RDM
5090,2,2,0,8,4231,10,LM
5090,2,2,0,8,4231,20,CF
5090,2,2,0,8,4231,21,LCB
5090,2,2,0,8,4231,22,LB
5090,2,2,0,8,4231,25,RB
5090,2,2,0,8,4231,27,RM
5090,2,2,0,8,4231,31,GK
5090,2,2,0,8,4231,92,RCB
5090,3,2,8,20,433,4,CDM
5090,3,2,8,20,433,8,RCM
5090,3,2,8,20,433,10,LM
5090,3,2,8,20,433,20,CF
5090,3,2,8,20,433,21,LCB
5090,3,2,8,20,433,22,LB
5090,3,2,8,20,433,25,RB
5090,3,2,8,20,433,27,RM
5090,3,2,8,20,433,31,GK
5090,3,2,8,20,433,92,RCB
5090,3,2,8,20,433,28,LCM
5090,4,2,20,37,4231,8,RDM
5090,4,2,20,37,4231,10,LM
5090,4,2,20,37,4231,20,CF
5090,4,2,20,37,4231,21,LCB
5090,4,2,20,37,4231,22,LB
5090,4,2,20,37,4231,25,RB
5090,4,2,20,37,4231,27,RM
5090,4,2,20,37,4231,31,GK
5090,4,2,20,37,4231,92,RCB
5090,4,2,20,37,4231,16,LDM
5090,4,2,20,37,4231,28,CAM
5090,5,2,37,42,4231,8,RDM
5090,5,2,37,42,4231,10,RM
5090,5,2,37,42,4231,20,CF
5090,5,2,37,42,4231,21,LCB
5090,5,2,37,42,4231,22,LB
5090,5,2,37,42,4231,25,RB
5090,5,2,37,42,4231,27,LM
5090,5,2,37,42,4231,31,GK
5090,5,2,37,42,4231,92,RCB
5090,5,2,37,42,4231,16,LDM
5090,5,2,37,42,4231,28,CAM
5090,6,2,42,49,4231,8,LDM
5090,6,2,42,49,4231,10,LM
5090,6,2,42,49,4231,20,CF
5090,6,2,42,49,4231,21,LCB
5090,6,2,42,49,4231,22,LB
5090,6,2,42,49,4231,25,RB
5090,6,2,42,49,4231,31,GK
5090,6,2,42,49,4231,92,RCB
5090,6,2,42,49,4231,16,RDM
5090,6,2,42,49,4231,28,CAM
5090,6,2,42,49,4231,42,RM
5420,1,1,0,19,4231,1,GK
5420,1,1,0,19,4231,3,LCB
5420,1,1,0,19,4231,5,RDM
5420,1,1,0,19,4231,6,LDM
5420,1,1,0,19,4231,7,CAM
5420,1,1,0,19,4231,8,LB
5420,1,1,0,19,4231,9,CF
5420,1,1,0,19,4231,11,RM
5420,1,1,0,19,4231,13,LM
5420,1,1,0,19,4231,14,RB
5420,1,1,0,19,4231,20,RCB
5420,2,1,19,48,433,1,GK
5420,2,1,19,48,433,3,LCB
5420,2,1,19,48,433,5,CDM
5420,2,1,19,48,433,6,LCM
5420,2,1,19,48,433,7,RCM
5420,2,1,19,48,433,8,LB
5420,2,1,19,48,433,9,CF
5420,2,1,19,48,433,11,RM
5420,2,1,19,48,433,13,LM
5420,2,1,19,48,433,14,RB
5420,2,1,19,48,433,20,RCB
5420,3,2,0,7,433,1,GK
5420,3,2,0,7,433,3,LCB
5420,3,2,0,7,433,5,CDM
5420,3,2,0,7,433,6,LCM
5420,3,2,0,7,433,7,RCM
5420,3,2,0,7,433,8,LB
5420,3,2,0,7,433,9,CF
5420,3,2,0,7,433,11,RM
5420,3,2,0,7,433,13,LM
5420,3,2,0,7,433,14,RB
5420,3,2,0,7,433,20,RCB
5420,4,2,7,19,433,1,GK
5420,4,2,7,19,433,3,LCB
5420,4,2,7,19,433,6,CDM
5420,4,2,7,19,433,7,RCM
5420,4,2,7,19,433,8,LB
5420,4,2,7,19,433,9,CF
5420,4,2,7,19,433,11,RM
5420,4,2,7,19,433,13,LM
5420,4,2,7,19,433,14,LCM
5420,4,2,7,19,433,20,RCB
5420,4,2,7,19,433,27,RB
5420,5,2,19,36,433,1,GK
5420,5,2,19,36,433,3,LCB
5420,5,2,19,36,433,6,CDM
5420,5,2,19,36,433,7,RCM
5420,5,2,19,36,433,8,LB
5420,5,2,19,36,433,9,CF
5420,5,2,19,36,433,13,LM
5420,5,2,19,36,433,14,LCM
5420,5,2,19,36,433,20,RCB
5420,5,2,19,36,433,17,RM
5420,5,2,19,36,433,27,RB
5420,6,2,36,48,442,1,GK
5420,6,2,36,48,442,3,LCB
5420,6,2,36,48,442,6,RCM
5420,6,2,36,48,442,7,LM
5420,6,2,36,48,442,8,LB
5420,6,2,36,48,442,9,RCF
5420,6,2,36,48,442,14,LCM
5420,6,2,36,48,442,20,RCB
5420,6,2,36,48,442,15,LCF
5420,6,2,36,48,442,17,RM
5420,6,2,36,48,442,27,RB
5458,1,1,0,48,3412,3,CB
5458,1,1,0,48,3412,5,RCB
5458,1,1,0,48,3412,9,LCF
5458,1,1,0,48,3412,10,CAM
5458,1,1,0,48,3412,11,RCF
5458,1,1,0,48,3412,13,LWB
5458,1,1,0,48,3412,15,LCB
5458,1,1,0,48,3412,26,RCM
5458,1,1,0,48,3412,29,GK
5458,1,1,0,48,3412,30,RWB
5458,1,1,0,48,3412,88,LCM
5458,2,2,0,22,3412,3,CB
5458,2,2,0,22,3412,5,RCB
5458,2,2,0,22,3412,9, RCF
5458,2,2,0,22,3412,10,CAM
5458,2,2,0,22,3412,11,LCF
5458,2,2,0,22,3412,13,LWB
5458,2,2,0,22,3412,15,LCB
5458,2,2,0,22,3412,26,RCM
5458,2,2,0,22,3412,29,GK
5458,2,2,0,22,3412,30,RWB
5458,2,2,0,22,3412,88,LCM
5458,3,2,22,33,3412,3,CB
5458,3,2,22,33,3412,5,RCB
5458,3,2,22,33,3412,9, RCF
5458,3,2,22,33,3412,10,CAM
5458,3,2,22,33,3412,11,LCF
5458,3,2,22,33,3412,13,LWB
5458,3,2,22,33,3412,15,LCB
5458,3,2,22,33,3412,26,RCM
5458,3,2,22,33,3412,29,GK
5458,3,2,22,33,3412,30,RWB
5458,3,2,22,33,3412,8,LCM
5458,4,2,33,37,3412,3,CB
5458,4,2,33,37,3412,5,RCB
5458,4,2,33,37,3412,9, RCF
5458,4,2,33,37,3412,10,CAM
5458,4,2,33,37,3412,11,LCF
5458,4,2,33,37,3412,13,LWB
5458,4,2,33,37,3412,15,LCB
5458,4,2,33,37,3412,29,GK
5458,4,2,33,37,3412,30,RWB
5458,4,2,33,37,3412,8,RCM
5458,4,2,33,37,3412,77,LCM
5458,5,2,37,48,3412,3,CB
5458,5,2,37,48,3412,5,RCB
5458,5,2,37,48,3412,9, RCF
5458,5,2,37,48,3412,10,CAM
5458,5,2,37,48,3412,11,LCF
5458,5,2,37,48,3412,15,LCB
5458,5,2,37,48,3412,29,GK
5458,5,2,37,48,3412,30,RWB
5458,5,2,37,48,3412,2,LWB
5458,5,2,37,48,3412,8,RCM
5458,5,2,37,48,3412,77,LCM
5938,1,1,0,46,4231,2,LB
5938,1,1,0,46,4231,3,LCB
5938,1,1,0,46,4231,5,RCB
5938,1,1,0,46,4231,6,RDM
5938,1,1,0,46,4231,8,CAM
5938,1,1,0,46,4231,10,CF
5938,1,1,0,46,4231,11,LM
5938,1,1,0,46,4231,13,RB
5938,1,1,0,46,4231,31,GK
5938,1,1,0,46,4231,57,LDM
5938,1,1,0,46,4231,77,RM
5938,2,2,0,12,4231,2,LB
5938,2,2,0,12,4231,3,LCB
5938,2,2,0,12,4231,5,RCB
5938,2,2,0,12,4231,6,RDM
5938,2,2,0,12,4231,8,CAM
5938,2,2,0,12,4231,10,CF
5938,2,2,0,12,4231,11,LM
5938,2,2,0,12,4231,13,RB
5938,2,2,0,12,4231,31,GK
5938,2,2,0,12,4231,57,LDM
5938,2,2,0,12,4231,77,RM
5938,3,2,12,32,442,2,LB
5938,3,2,12,32,442,3,LCB
5938,3,2,12,32,442,5,RCB
5938,3,2,12,32,442,6,LDM
5938,3,2,12,32,442,10,LCF
5938,3,2,12,32,442,11,LM
5938,3,2,12,32,442,13,RB
5938,3,2,12,32,442,31,GK
5938,3,2,12,32,442,57,RDM
5938,3,2,12,32,442,77,RM
5938,3,2,12,32,442,29,RCF
5938,4,2,32,39,442,2,LB
5938,4,2,32,39,442,3,LCB
5938,4,2,32,39,442,5,RCB
5938,4,2,32,39,442,10,LCF
5938,4,2,32,39,442,11,LM
5938,4,2,32,39,442,13,RB
5938,4,2,32,39,442,31,GK
5938,4,2,32,39,442,57,LDM
5938,4,2,32,39,442,77,RM
5938,4,2,32,39,442,14,RDM
5938,4,2,32,39,442,29,RCF
5938,5,2,39,49,442,2,LB
5938,5,2,39,49,442,3,LCB
5938,5,2,39,49,442,5,RCB
5938,5,2,39,49,442,10,LCF
5938,5,2,39,49,442,13,RB
5938,5,2,39,49,442,31,GK
5938,5,2,39,49,442,57,LCM
5938,5,2,39,49,442,77,RM
5938,5,2,39,49,442,14,RCM
5938,5,2,39,49,442,16,RCF
5938,5,2,39,49,442,29,LM
6487,1,1,0,46,433,1,GK
6487,1,1,0,46,433,4,LCB
6487,1,1,0,46,433,8,LCM
6487,1,1,0,46,433,10,RM
6487,1,1,0,46,433,14,RCM
6487,1,1,0,46,433,17,LM
6487,1,1,0,46,433,18,CF
6487,1,1,0,46,433,19,CDM
6487,1,1,0,46,433,21,RB
6487,1,1,0,46,433,24,RCB
6487,1,1,0,46,433,61,LB
6487,2,2,0,16,433,1,GK
6487,2,2,0,16,433,4,LCB
6487,2,2,0,16,433,8,RCM
6487,2,2,0,16,433,10,RM
6487,2,2,0,16,433,14,LCM
6487,2,2,0,16,433,17,LM
6487,2,2,0,16,433,18,CF
6487,2,2,0,16,433,19,CDM
6487,2,2,0,16,433,21,RB
6487,2,2,0,16,433,24,RCB
6487,2,2,0,16,433,61,LB
6487,3,2,16,30,433,1,GK
6487,3,2,16,30,433,4,LCB
6487,3,2,16,30,433,8,RCM
6487,3,2,16,30,433,10,LM
6487,3,2,16,30,433,14,LCM
6487,3,2,16,30,433,18,CF
6487,3,2,16,30,433,19,CDM
6487,3,2,16,30,433,21,LB
6487,3,2,16,30,433,24,RCB
6487,3,2,16,30,433,61,RB
6487,3,2,16,30,433,11,RM
6487,4,2,30,37,433,1,GK
6487,4,2,30,37,433,4,LCB
6487,4,2,30,37,433,8,RCM
6487,4,2,30,37,433,10,CF
6487,4,2,30,37,433,14,LCM
6487,4,2,30,37,433,19,CDM
6487,4,2,30,37,433,21,LB
6487,4,2,30,37,433,24,RCB
6487,4,2,30,37,433,61,RB
6487,4,2,30,37,433,7,LM
6487,4,2,30,37,433,11,RM
6487,5,2,37,49,433,1,GK
6487,5,2,37,49,433,4,LCB
6487,5,2,37,49,433,8,RCM
6487,5,2,37,49,433,14,LCM
6487,5,2,37,49,433,19,CDM
6487,5,2,37,49,433,21,LB
6487,5,2,37,49,433,24,RCB
6487,5,2,37,49,433,61,RB
6487,5,2,37,49,433,7,LM
6487,5,2,37,49,433,11,RM
6487,5,2,37,49,433,30,CF
6886,1,1,0,8,433,2,LB
6886,1,1,0,8,433,4,LCB
6886,1,1,0,8,433,10,LCM
6886,1,1,0,8,433,11,LM
6886,1,1,0,8,433,13,CDM
6886,1,1,0,8,433,14,RB
6886,1,1,0,8,433,15,CF
6886,1,1,0,8,433,20,RCB
6886,1,1,0,8,433,21,RM
6886,1,1,0,8,433,37,GK
6886,1,1,0,8,433,94,RCM
6886,2,1,8,15,433,2,LB
6886,2,1,8,15,433,4,LCB
6886,2,1,8,15,433,10,LCM
6886,2,1,8,15,433,11,RM
6886,2,1,8,15,433,13,CDM
6886,2,1,8,15,433,14,RB
6886,2,1,8,15,433,15,CF
6886,2,1,8,15,433,20,RCB
6886,2,1,8,15,433,21,LM
6886,2,1,8,15,433,37,GK
6886,2,1,8,15,433,94,RCM
6886,3,1,15,47,433,2,LB
6886,3,1,15,47,433,4,LCB
6886,3,1,15,47,433,10,RCM
6886,3,1,15,47,433,11,RM
6886,3,1,15,47,433,13,CDM
6886,3,1,15,47,433,14,RB
6886,3,1,15,47,433,15,CF
6886,3,1,15,47,433,20,RCB
6886,3,1,15,47,433,21,LM
6886,3,1,15,47,433,37,GK
6886,3,1,15,47,433,94,LCM
6886,4,2,0,33,433,2,LB
6886,4,2,0,33,433,4,LCB
6886,4,2,0,33,433,10,LCM
6886,4,2,0,33,433,11,RM
6886,4,2,0,33,433,13,CDM
6886,4,2,0,33,433,14,RB
6886,4,2,0,33,433,15,CF
6886,4,2,0,33,433,20,RCB
6886,4,2,0,33,433,37,GK
6886,4,2,0,33,433,94,RCM
6886,4,2,0,33,433,16,LM
6886,5,2,33,48,433,2,LB
6886,5,2,33,48,433,4,LCB
6886,5,2,33,48,433,10,LCM
6886,5,2,33,48,433,11,RM
6886,5,2,33,48,433,13,CDM
6886,5,2,33,48,433,14,RB
6886,5,2,33,48,433,15,CF
6886,5,2,33,48,433,20,RCB
6886,5,2,33,48,433,37,GK
6886,5,2,33,48,433,16,LM
6886,5,2,33,48,433,70,RCM
6965,1,1,0,47,4231,2,RB
6965,1,1,0,47,4231,3,LB
6965,1,1,0,47,4231,5,RCB
6965,1,1,0,47,4231,9,CF
6965,1,1,0,47,4231,14,RDM
6965,1,1,0,47,4231,20,CAM
6965,1,1,0,47,4231,24,GK
6965,1,1,0,47,4231,32,LCB
6965,1,1,0,47,4231,77,LM
6965,1,1,0,47,4231,89,LDM
6965,1,1,0,47,4231,97,RM
6965,2,2,0,18,4231,2,RB
6965,2,2,0,18,4231,3,LB
6965,2,2,0,18,4231,5,RCB
6965,2,2,0,18,4231,9,CF
6965,2,2,0,18,4231,14,RDM
6965,2,2,0,18,4231,20,CAM
6965,2,2,0,18,4231,24,GK
6965,2,2,0,18,4231,32,LCB
6965,2,2,0,18,4231,77,LM
6965,2,2,0,18,4231,89,LDM
6965,2,2,0,18,4231,97,RM
6965,3,2,18,31,4231,2,RB
6965,3,2,18,31,4231,3,LB
6965,3,2,18,31,4231,5,RCB
6965,3,2,18,31,4231,9,CF
6965,3,2,18,31,4231,14,RDM
6965,3,2,18,31,4231,20,CAM
6965,3,2,18,31,4231,24,GK
6965,3,2,18,31,4231,32,LCB
6965,3,2,18,31,4231,77,LM
6965,3,2,18,31,4231,89,LDM
6965,3,2,18,31,4231,23,RM
6965,4,2,31,35,4231,2,RCB
6965,4,2,31,35,4231,3,LB
6965,4,2,31,35,4231,9,CF
6965,4,2,31,35,4231,14,RDM
6965,4,2,31,35,4231,20,CAM
6965,4,2,31,35,4231,24,GK
6965,4,2,31,35,4231,32,LCB
6965,4,2,31,35,4231,77,LM
6965,4,2,31,35,4231,89,LDM
6965,4,2,31,35,4231,23,RM
6965,4,2,31,35,4231,26,RB
6965,5,2,35,48,4231,2,RCB
6965,5,2,35,48,4231,3,LB
6965,5,2,35,48,4231,9,CF
6965,5,2,35,48,4231,14,RDM
6965,5,2,35,48,4231,20,CAM
6965,5,2,35,48,4231,24,GK
6965,5,2,35,48,4231,32,LCB
6965,5,2,35,48,4231,89,LDM
6965,5,2,35,48,4231,23,RM
6965,5,2,35,48,4231,26,RB
6965,5,2,35,48,4231,37,LM
7393,1,1,0,47,4231,1,GK
7393,1,1,0,47,4231,2,RB
7393,1,1,0,47,4231,6,LDM
7393,1,1,0,47,4231,14,CAM
7393,1,1,0,47,4231,16,RDM
7393,1,1,0,47,4231,18,LM
7393,1,1,0,47,4231,20,LCB
7393,1,1,0,47,4231,22,LB
7393,1,1,0,47,4231,27, 
7393,1,1,0,47,4231,66,RCB
7393,1,1,0,47,4231,95,CF
7393,2,2,0,19,433,1,GK
7393,2,2,0,19,433,2,LB
7393,2,2,0,19,433,6,CDM
7393,2,2,0,19,433,14,LCM
7393,2,2,0,19,433,16,RCM
7393,2,2,0,19,433,18,LM
7393,2,2,0,19,433,20,LCB
7393,2,2,0,19,433,27,RM
7393,2,2,0,19,433,66,RCB
7393,2,2,0,19,433,95,CF
7393,2,2,0,19,433,11,RB
7393,3,2,19,39,433,1,GK
7393,3,2,19,39,433,2,LB
7393,3,2,19,39,433,6,CDM
7393,3,2,19,39,433,14,LCM
7393,3,2,19,39,433,16,RCM
7393,3,2,19,39,433,20,LCB
7393,3,2,19,39,433,27,RM
7393,3,2,19,39,433,66,RCB
7393,3,2,19,39,433,95,CF
7393,3,2,19,39,433,11,RB
7393,3,2,19,39,433,23,LM
7393,4,2,39,50,343,1,GK
7393,4,2,39,50,343,2,LWB
7393,4,2,39,50,343,14,LCM
7393,4,2,39,50,343,16,RCM
7393,4,2,39,50,343,20,LCB
7393,4,2,39,50,343,27,RM
7393,4,2,39,50,343,66,RCB
7393,4,2,39,50,343,95,CF
7393,4,2,39,50,343,5,CB
7393,4,2,39,50,343,11,RWB
7393,4,2,39,50,343,23,LM
7825,1,1,0,32,352,2,RWB
7825,1,1,0,32,352,4,LCB
7825,1,1,0,32,352,9,LCF
7825,1,1,0,32,352,13,CDM
7825,1,1,0,32,352,15,RCB
7825,1,1,0,32,352,18,LWB
7825,1,1,0,32,352,19,RCM
7825,1,1,0,32,352,22,LCM
7825,1,1,0,32,352,23,CB
7825,1,1,0,32,352,25,GK
7825,1,1,0,32,352,55,RCF
7825,2,1,32,46,4231,2,LB
7825,2,1,32,46,4231,4,RB
7825,2,1,32,46,4231,9,LM
7825,2,1,32,46,4231,13,RCM
7825,2,1,32,46,4231,15,RCB
7825,2,1,32,46,4231,19,RM
7825,2,1,32,46,4231,22,LCM
7825,2,1,32,46,4231,23,LCB
7825,2,1,32,46,4231,25,GK
7825,2,1,32,46,4231,55,CF
7825,2,1,32,46,4231,10,CAM
7825,3,2,0,14,4231,2,RB
7825,3,2,0,14,4231,4,LB
7825,3,2,0,14,4231,9,LM
7825,3,2,0,14,4231,13,LCM
7825,3,2,0,14,4231,15,RCB
7825,3,2,0,14,4231,19,RM
7825,3,2,0,14,4231,22,RCM
7825,3,2,0,14,4231,23,LCB
7825,3,2,0,14,4231,25,GK
7825,3,2,0,14,4231,55,CF
7825,3,2,0,14,4231,10,CAM
7825,4,2,14,27,4231,2,RB
7825,4,2,14,27,4231,4,LB
7825,4,2,14,27,4231,9,LM
7825,4,2,14,27,4231,13,RCM
7825,4,2,14,27,4231,15,RCB
7825,4,2,14,27,4231,22,LCM
7825,4,2,14,27,4231,23,LCB
7825,4,2,14,27,4231,25,GK
7825,4,2,14,27,4231,55,RCF
7825,4,2,14,27,4231,7,RM
7825,4,2,14,27,4231,10,LCF
7825,5,2,27,36,442,2,RB
7825,5,2,27,36,442,9,LCM
7825,5,2,27,36,442,13,LB
7825,5,2,27,36,442,15,RCB
7825,5,2,27,36,442,22,RCM
7825,5,2,27,36,442,23,RCF
7825,5,2,27,36,442,25,GK
7825,5,2,27,36,442,55,LCF
7825,5,2,27,36,442,5,LCB
7825,5,2,27,36,442,7,RM
7825,5,2,27,36,442,10,LM
7825,6,2,36,48,343,2,RWB
7825,6,2,36,48,343,9,LCM
7825,6,2,36,48,343,13,LWB
7825,6,2,36,48,343,15,RCB
7825,6,2,36,48,343,22,RCM
7825,6,2,36,48,343,23,CB
7825,6,2,36,48,343,25,GK
7825,6,2,36,48,343,55,CF
7825,6,2,36,48,343,5,LCB
7825,6,2,36,48,343,7,RM
7825,6,2,36,48,343,10,LM
8011,1,1,0,22,4231,1,GK
8011,1,1,0,22,4231,3,RDM
8011,1,1,0,22,4231,4,LDM
8011,1,1,0,22,4231,7,LM
8011,1,1,0,22,4231,10,CF
8011,1,1,0,22,4231,11,RM
8011,1,1,0,22,4231,12,LB
8011,1,1,0,22,4231,19,CAM
8011,1,1,0,22,4231,42,LCB
8011,1,1,0,22,4231,44,RCB
8011,1,1,0,22,4231,66,RB
8011,2,1,22,30,4231,1,GK
8011,2,1,22,30,4231,3,LDM
8011,2,1,22,30,4231,4,RDM
8011,2,1,22,30,4231,7,LM
8011,2,1,22,30,4231,10,CF
8011,2,1,22,30,4231,11,RM
8011,2,1,22,30,4231,12,LB
8011,2,1,22,30,4231,19,CAM
8011,2,1,22,30,4231,42,LCB
8011,2,1,22,30,4231,44,RCB
8011,2,1,22,30,4231,66,RB
8011,3,1,30,46,4231,1,GK
8011,3,1,30,46,4231,3,LDM
8011,3,1,30,46,4231,4,RDM
8011,3,1,30,46,4231,7,RM
8011,3,1,30,46,4231,10,CF
8011,3,1,30,46,4231,11,LM
8011,3,1,30,46,4231,12,LB
8011,3,1,30,46,4231,19,CAM
8011,3,1,30,46,4231,42,LCB
8011,3,1,30,46,4231,44,RCB
8011,3,1,30,46,4231,66,RB
8011,4,1,46,48,4231,1,GK
8011,4,1,46,48,4231,3,LDM
8011,4,1,46,48,4231,4,RDM
8011,4,1,46,48,4231,7,LM
8011,4,1,46,48,4231,10,CF
8011,4,1,46,48,4231,11,RM
8011,4,1,46,48,4231,12,LB
8011,4,1,46,48,4231,19,CAM
8011,4,1,46,48,4231,42,LCB
8011,4,1,46,48,4231,44,RCB
8011,4,1,46,48,4231,66,RB
8011,5,2,0,14,343,1,GK
8011,5,2,0,14,343,3,RCM
8011,5,2,0,14,343,4,LCB
8011,5,2,0,14,343,7,RM
8011,5,2,0,14,343,10,CF
8011,5,2,0,14,343,11,LM
8011,5,2,0,14,343,12,LWB
8011,5,2,0,14,343,19,LCM
8011,5,2,0,14,343,42,CB
8011,5,2,0,14,343,44,RCB
8011,5,2,0,14,343,66,RWB
8011,6,2,14,17,343,1,GK
8011,6,2,14,17,343,3,RCM
8011,6,2,14,17,343,4,LCB
8011,6,2,14,17,343,7,LM
8011,6,2,14,17,343,10,CF
8011,6,2,14,17,343,11,RM
8011,6,2,14,17,343,12,LWB
8011,6,2,14,17,343,19,LCM
8011,6,2,14,17,343,42,CB
8011,6,2,14,17,343,44,RCB
8011,6,2,14,17,343,66,RWB
8011,7,2,17,23,343,1,GK
8011,7,2,17,23,343,3,RCM
8011,7,2,17,23,343,4,LCB
8011,7,2,17,23,343,7,LM
8011,7,2,17,23,343,11,RM
8011,7,2,17,23,343,12,LWB
8011,7,2,17,23,343,19,LCM
8011,7,2,17,23,343,42,CB
8011,7,2,17,23,343,44,RCB
8011,7,2,17,23,343,66,RWB
8011,7,2,17,23,343,27,CF
8011,8,2,23,37,343,1,GK
8011,8,2,23,37,343,4,LCB
8011,8,2,23,37,343,7,LM
8011,8,2,23,37,343,11,RM
8011,8,2,23,37,343,12,LWB
8011,8,2,23,37,343,19,RCM
8011,8,2,23,37,343,42,CB
8011,8,2,23,37,343,44,RCB
8011,8,2,23,37,343,66,RWB
8011,8,2,23,37,343,8,LCM
8011,8,2,23,37,343,27,CF
8011,9,2,37,50,343,1,GK
8011,9,2,37,50,343,4,LCB
8011,9,2,37,50,343,7,LM
8011,9,2,37,50,343,12,LWB
8011,9,2,37,50,343,19,RCM
8011,9,2,37,50,343,42,CB
8011,9,2,37,50,343,44,RCB
8011,9,2,37,50,343,66,RWB
8011,9,2,37,50,343,8,LCM
8011,9,2,37,50,343,9,CF
8011,9,2,37,50,343,27,RM
8016,1,1,0,48,343,4,LCB
8016,1,1,0,48,343,5,RCB
8016,1,1,0,48,343,6,CB
8016,1,1,0,48,343,10,RCM
8016,1,1,0,48,343,18,CF
8016,1,1,0,48,343,21,GK
8016,1,1,0,48,343,22,RM
8016,1,1,0,48,343,32,RWB
8016,1,1,0,48,343,42,LWB
8016,1,1,0,48,343,44,LM
8016,1,1,0,48,343,90,LCM
8016,2,2,0,8,343,4,LCB
8016,2,2,0,8,343,5,RCB
8016,2,2,0,8,343,6,CB
8016,2,2,0,8,343,10,RCM
8016,2,2,0,8,343,18,CF
8016,2,2,0,8,343,21,GK
8016,2,2,0,8,343,22,RM
8016,2,2,0,8,343,32,RWB
8016,2,2,0,8,343,42,LWB
8016,2,2,0,8,343,90,LCM
8016,2,2,0,8,343,17,LM
8016,3,2,8,27,343,4,LCB
8016,3,2,8,27,343,5,RCB
8016,3,2,8,27,343,6,CB
8016,3,2,8,27,343,10,RCM
8016,3,2,8,27,343,18,CF
8016,3,2,8,27,343,21,GK
8016,3,2,8,27,343,22,RWB
8016,3,2,8,27,343,32,LWB
8016,3,2,8,27,343,90,LCM
8016,3,2,8,27,343,17,LM
8016,3,2,8,27,343,77,RM
8016,4,2,27,50,3412,4,CB
8016,4,2,27,50,3412,5,RCB
8016,4,2,27,50,3412,6,LCF
8016,4,2,27,50,3412,10,RCM
8016,4,2,27,50,3412,21,GK
8016,4,2,27,50,3412,22,RWB
8016,4,2,27,50,3412,32,LWB
8016,4,2,27,50,3412,90,LCM
8016,4,2,27,50,3412,3,LCB
8016,4,2,27,50,3412,17,RCF
8016,4,2,27,50,3412,77,CAM
13229,1,1,0,11,442,4,RCB
13229,1,1,0,11,442,5,LCM
13229,1,1,0,11,442,7,RCM
13229,1,1,0,11,442,16,RM
13229,1,1,0,11,442,18,RCF
13229,1,1,0,11,442,19,LM
13229,1,1,0,11,442,20,LCB
13229,1,1,0,11,442,32,RB
13229,1,1,0,11,442,34,LB
13229,1,1,0,11,442,37,LCF
13229,1,1,0,11,442,41,GK
13229,2,1,11,46,442,4,RCB
13229,2,1,11,46,442,5,LM
13229,2,1,11,46,442,7,RCM
13229,2,1,11,46,442,16,RM
13229,2,1,11,46,442,18,RCF
13229,2,1,11,46,442,19,LCM
13229,2,1,11,46,442,20,LCB
13229,2,1,11,46,442,32,RB
13229,2,1,11,46,442,34,LB
13229,2,1,11,46,442,37,LCF
13229,2,1,11,46,442,41,GK
13229,3,2,0,10,442,4,RCB
13229,3,2,0,10,442,5,LM
13229,3,2,0,10,442,7,RCM
13229,3,2,0,10,442,16,RM
13229,3,2,0,10,442,18,RCF
13229,3,2,0,10,442,19,LCM
13229,3,2,0,10,442,20,LCB
13229,3,2,0,10,442,32,RB
13229,3,2,0,10,442,34,LB
13229,3,2,0,10,442,37,LCF
13229,3,2,0,10,442,41,GK
13229,4,2,10,26,352,4,RCB
13229,4,2,10,26,352,7,CDM
13229,4,2,10,26,352,16,RCM
13229,4,2,10,26,352,18,RCF
13229,4,2,10,26,352,19,LCM
13229,4,2,10,26,352,20,CB
13229,4,2,10,26,352,32,RWB
13229,4,2,10,26,352,34,LCB
13229,4,2,10,26,352,37,LCF
13229,4,2,10,26,352,41,GK
13229,4,2,10,26,352,17,LWB
13229,5,2,26,47,352,4,RCB
13229,5,2,26,47,352,7,CDM
13229,5,2,26,47,352,16,RCM
13229,5,2,26,47,352,19,LCM
13229,5,2,26,47,352,20,CB
13229,5,2,26,47,352,32,RWB
13229,5,2,26,47,352,34,LCB
13229,5,2,26,47,352,37,RCF
13229,5,2,26,47,352,41,GK
13229,5,2,26,47,352,10,LCF
13229,5,2,26,47,352,17,LWB
13229,6,2,47,48,352,4,RCB
13229,6,2,47,48,352,7,CDM
13229,6,2,47,48,352,16,RCM
13229,6,2,47,48,352,19,LCM
13229,6,2,47,48,352,20,CB
13229,6,2,47,48,352,32,RWB
13229,6,2,47,48,352,34,LCB
13229,6,2,47,48,352,41,GK
13229,6,2,47,48,352,10,LCF
13229,6,2,47,48,352,17,LWB
13229,6,2,47,48,352,27,RCF
13278,1,1,0,45,4231,4,RCB
13278,1,1,0,45,4231,7,CF
13278,1,1,0,45,4231,10,CAM
13278,1,1,0,45,4231,11,RM
13278,1,1,0,45,4231,13,RB
13278,1,1,0,45,4231,14,LDM
13278,1,1,0,45,4231,15,RDM
13278,1,1,0,45,4231,16,LB
13278,1,1,0,45,4231,19,LM
13278,1,1,0,45,4231,23,GK
13278,1,1,0,45,4231,33,LCB
13278,2,2,0,27,343,4,RCB
13278,2,2,0,27,343,7,CF
13278,2,2,0,27,343,10,RM
13278,2,2,0,27,343,13,RWB
13278,2,2,0,27,343,14,LCM
13278,2,2,0,27,343,15,RCM
13278,2,2,0,27,343,16,LCB
13278,2,2,0,27,343,19,LM
13278,2,2,0,27,343,23,GK
13278,2,2,0,27,343,33,CB
13278,2,2,0,27,343,22,LWB
13278,3,2,27,44,343,4,RCB
13278,3,2,27,44,343,7,CF
13278,3,2,27,44,343,10,RM
13278,3,2,27,44,343,14,LCM
13278,3,2,27,44,343,15,RCM
13278,3,2,27,44,343,16,LCB
13278,3,2,27,44,343,19,LM
13278,3,2,27,44,343,23,GK
13278,3,2,27,44,343,33,CB
13278,3,2,27,44,343,22,LWB
13278,3,2,27,44,343,29,RWB
13278,4,2,44,50,343,4,RCB
13278,4,2,44,50,343,10,RM
13278,4,2,44,50,343,14,LCM
13278,4,2,44,50,343,15,RCM
13278,4,2,44,50,343,16,LCB
13278,4,2,44,50,343,19,LM
13278,4,2,44,50,343,23,GK
13278,4,2,44,50,343,33,CB
13278,4,2,44,50,343,17,CF
13278,4,2,44,50,343,22,LWB
13278,4,2,44,50,343,29,RWB
13352,1,1,0,46,343,5,RCB
13352,1,1,0,46,343,6,LCM
13352,1,1,0,46,343,13,LCB
13352,1,1,0,46,343,14,RCM
13352,1,1,0,46,343,18,CF
13352,1,1,0,46,343,19,LM
13352,1,1,0,46,343,21,GK
13352,1,1,0,46,343,22,LWB
13352,1,1,0,46,343,33,RWB
13352,1,1,0,46,343,38,RM
13352,1,1,0,46,343,40,LCB
13352,2,2,0,9,343,5,RCB
13352,2,2,0,9,343,6,LCM
13352,2,2,0,9,343,13,LCB
13352,2,2,0,9,343,14,RCM
13352,2,2,0,9,343,18,CF
13352,2,2,0,9,343,19,LM
13352,2,2,0,9,343,21,GK
13352,2,2,0,9,343,22,LWB
13352,2,2,0,9,343,33,RWB
13352,2,2,0,9,343,38,RM
13352,2,2,0,9,343,40,LCB
13352,3,2,9,17,343,5,RCB
13352,3,2,9,17,343,6,LCM
13352,3,2,9,17,343,13,LCB
13352,3,2,9,17,343,14,RCM
13352,3,2,9,17,343,18,CF
13352,3,2,9,17,343,19,RM
13352,3,2,9,17,343,21,GK
13352,3,2,9,17,343,22,LWB
13352,3,2,9,17,343,33,RWB
13352,3,2,9,17,343,40,CB
13352,3,2,9,17,343,34,LM
13352,4,2,17,34,343,5,CB
13352,4,2,17,34,343,6,LCM
13352,4,2,17,34,343,13,LCB
13352,4,2,17,34,343,14,RCM
13352,4,2,17,34,343,18,CF
13352,4,2,17,34,343,19,RM
13352,4,2,17,34,343,21,GK
13352,4,2,17,34,343,22,LWB
13352,4,2,17,34,343,33,RWB
13352,4,2,17,34,343,40, 
13352,4,2,17,34,343,20,RCB
13352,4,2,17,34,343,34,LM
13352,5,2,34,51,343,5,CB
13352,5,2,34,51,343,6,LCM
13352,5,2,34,51,343,13,LCB
13352,5,2,34,51,343,14,RCM
13352,5,2,34,51,343,18,CF
13352,5,2,34,51,343,19,RM
13352,5,2,34,51,343,21,GK
13352,5,2,34,51,343,22,LWB
13352,5,2,34,51,343,17,RWB
13352,5,2,34,51,343,20,RCB
13352,5,2,34,51,343,34,LM
14212,1,1,0,31,433,4,LCB
14212,1,1,0,31,433,7,LM
14212,1,1,0,31,433,8,RCM
14212,1,1,0,31,433,9,CF
14212,1,1,0,31,433,10,LCM
14212,1,1,0,31,433,16,CDM
14212,1,1,0,31,433,21,GK
14212,1,1,0,31,433,23,RB
14212,1,1,0,31,433,30,RM
14212,1,1,0,31,433,44,RCB
14212,1,1,0,31,433,66,LB
14212,2,1,31,40,433,4,LCB
14212,2,1,31,40,433,7,RM
14212,2,1,31,40,433,8,RCM
14212,2,1,31,40,433,9,CF
14212,2,1,31,40,433,10,LCM
14212,2,1,31,40,433,16,CDM
14212,2,1,31,40,433,21,GK
14212,2,1,31,40,433,23,RB
14212,2,1,31,40,433,30,LM
14212,2,1,31,40,433,44,RCB
14212,2,1,31,40,433,66,LB
14212,3,1,40,46,433,4,LCB
14212,3,1,40,46,433,7,RM
14212,3,1,40,46,433,8,LCM
14212,3,1,40,46,433,9,CF
14212,3,1,40,46,433,10,RCM
14212,3,1,40,46,433,16,CDM
14212,3,1,40,46,433,21,GK
14212,3,1,40,46,433,23,RB
14212,3,1,40,46,433,30,LM
14212,3,1,40,46,433,44,RCB
14212,3,1,40,46,433,66,LB
14212,4,2,0,9,433,4,LCB
14212,4,2,0,9,433,7,LM
14212,4,2,0,9,433,8,RCM
14212,4,2,0,9,433,9,CF
14212,4,2,0,9,433,10,LCM
14212,4,2,0,9,433,16,CDM
14212,4,2,0,9,433,21,GK
14212,4,2,0,9,433,23,RB
14212,4,2,0,9,433,44,RCB
14212,4,2,0,9,433,66,RM
14212,4,2,0,9,433,6,LB
14212,5,2,9,18,433,4,LCB
14212,5,2,9,18,433,7,LM
14212,5,2,9,18,433,8,RCM
14212,5,2,9,18,433,9,CF
14212,5,2,9,18,433,10,LCM
14212,5,2,9,18,433,16,CDM
14212,5,2,9,18,433,21,GK
14212,5,2,9,18,433,23,RB
14212,5,2,9,18,433,44,RCB
14212,5,2,9,18,433,6,LB
14212,5,2,9,18,433,19,RM
14212,6,2,18,27,433,4,LCB
14212,6,2,18,27,433,7,LM
14212,6,2,18,27,433,8,LCM
14212,6,2,18,27,433,9,CF
14212,6,2,18,27,433,10,RCM
14212,6,2,18,27,433,16,CDM
14212,6,2,18,27,433,21,GK
14212,6,2,18,27,433,23,RB
14212,6,2,18,27,433,44,RCB
14212,6,2,18,27,433,6,LB
14212,6,2,18,27,433,19,RM
14212,7,2,27,39,433,4,LCB
14212,7,2,27,39,433,7,LM
14212,7,2,27,39,433,8,RCM
14212,7,2,27,39,433,9,CF
14212,7,2,27,39,433,10,LCM
14212,7,2,27,39,433,16,CDM
14212,7,2,27,39,433,21,GK
14212,7,2,27,39,433,23,RB
14212,7,2,27,39,433,44,RCB
14212,7,2,27,39,433,6,LB
14212,7,2,27,39,433,19,RM
14212,8,2,39,48,442,4,LCB
14212,8,2,39,48,442,8,RM
14212,8,2,39,48,442,9,RCF
14212,8,2,39,48,442,10,LCM
14212,8,2,39,48,442,16,RCM
14212,8,2,39,48,442,23,RB
14212,8,2,39,48,442,44,RCB
14212,8,2,39,48,442,6,LB
14212,8,2,39,48,442,11,LM
14212,8,2,39,48,442,19,LCF
14247,1,1,0,25,4231,2,LCB
14247,1,1,0,25,4231,6,LDM
14247,1,1,0,25,4231,7,CAM
14247,1,1,0,25,4231,8,LB
14247,1,1,0,25,4231,9,CF
14247,1,1,0,25,4231,15,RCB
14247,1,1,0,25,4231,17,RM
14247,1,1,0,25,4231,21,GK
14247,1,1,0,25,4231,27,RB
14247,1,1,0,25,4231,30,RDM
14247,1,1,0,25,4231,94,LM
14247,2,1,25,46,4231,2,LCB
14247,2,1,25,46,4231,6,RDM
14247,2,1,25,46,4231,7,CAM
14247,2,1,25,46,4231,8,LB
14247,2,1,25,46,4231,9,CF
14247,2,1,25,46,4231,15,RCB
14247,2,1,25,46,4231,17,RM
14247,2,1,25,46,4231,21,GK
14247,2,1,25,46,4231,27,RB
14247,2,1,25,46,4231,30,LDM
14247,2,1,25,46,4231,94,LM
14247,3,2,0,16,442,2,LCB
14247,3,2,0,16,442,6,LCM
14247,3,2,0,16,442,7,LM
14247,3,2,0,16,442,8,LB
14247,3,2,0,16,442,9,RCF
14247,3,2,0,16,442,15,RCB
14247,3,2,0,16,442,17,RM
14247,3,2,0,16,442,21,GK
14247,3,2,0,16,442,27,RB
14247,3,2,0,16,442,30,RCM
14247,3,2,0,16,442,94,LCF
14247,4,2,16,25,442,2,LCB
14247,4,2,16,25,442,6,LCM
14247,4,2,16,25,442,7,LM
14247,4,2,16,25,442,8,LB
14247,4,2,16,25,442,9,RCF
14247,4,2,16,25,442,15,RCB
14247,4,2,16,25,442,21,GK
14247,4,2,16,25,442,27,RB
14247,4,2,16,25,442,30,RCM
14247,4,2,16,25,442,94,LCF
14247,4,2,16,25,442,11,RM
14247,5,2,25,35,442,2,LCB
14247,5,2,25,35,442,6,LCM
14247,5,2,25,35,442,7,LM
14247,5,2,25,35,442,8,LB
14247,5,2,25,35,442,9,LCF
14247,5,2,25,35,442,15,RCB
14247,5,2,25,35,442,21,GK
14247,5,2,25,35,442,27,RB
14247,5,2,25,35,442,30,RCM
14247,5,2,25,35,442,11,RM
14247,5,2,25,35,442,22,RCF
14247,6,2,35,49,442,2,LCB
14247,6,2,35,49,442,6,LCM
14247,6,2,35,49,442,7,RCM
14247,6,2,35,49,442,8,LB
14247,6,2,35,49,442,9,RCF
14247,6,2,35,49,442,15,RCB
14247,6,2,35,49,442,21,GK
14247,6,2,35,49,442,27,RB
14247,6,2,35,49,442,10,LM
14247,6,2,35,49,442,11,RM
14247,6,2,35,49,442,22,LCF
14274,1,1,0,46,433,2,RB
14274,1,1,0,46,433,6,LCB
14274,1,1,0,46,433,7,RM
14274,1,1,0,46,433,11,CF
14274,1,1,0,46,433,13,LCM
14274,1,1,0,46,433,14,RCM
14274,1,1,0,46,433,17,LM
14274,1,1,0,46,433,22,LB
14274,1,1,0,46,433,26,RCB
14274,1,1,0,46,433,28,CDM
14274,1,1,0,46,433,31,GK
14274,2,2,0,10,433,2,RB
14274,2,2,0,10,433,6,LCB
14274,2,2,0,10,433,7,RM
14274,2,2,0,10,433,11,CF
14274,2,2,0,10,433,13,LCM
14274,2,2,0,10,433,14,RCM
14274,2,2,0,10,433,17,LM
14274,2,2,0,10,433,22,LB
14274,2,2,0,10,433,26,RCB
14274,2,2,0,10,433,28,CDM
14274,2,2,0,10,433,31,GK
14274,3,2,10,28,433,2,RB
14274,3,2,10,28,433,6,LCB
14274,3,2,10,28,433,7,RM
14274,3,2,10,28,433,11,CF
14274,3,2,10,28,433,13,RCM
14274,3,2,10,28,433,14,LCM
14274,3,2,10,28,433,22,LB
14274,3,2,10,28,433,26,RCB
14274,3,2,10,28,433,28,CDM
14274,3,2,10,28,433,31,GK
14274,3,2,10,28,433,10,LM
14274,4,2,28,37,433,2,RB
14274,4,2,28,37,433,6,LCB
14274,4,2,28,37,433,7,RM
14274,4,2,28,37,433,13,RCM
14274,4,2,28,37,433,14,LCM
14274,4,2,28,37,433,22,LB
14274,4,2,28,37,433,26,RCB
14274,4,2,28,37,433,28,CDM
14274,4,2,28,37,433,31,GK
14274,4,2,28,37,433,9,CF
14274,4,2,28,37,433,10,LM
14274,5,2,37,49,433,2,RB
14274,5,2,37,49,433,6,LCB
14274,5,2,37,49,433,7,RM
14274,5,2,37,49,433,13,RCM
14274,5,2,37,49,433,14,CDM
14274,5,2,37,49,433,22,LB
14274,5,2,37,49,433,26,RCB
14274,5,2,37,49,433,31,GK
14274,5,2,37,49,433,9,CF
14274,5,2,37,49,433,10,LCM
14274,5,2,37,49,433,32,LM
15884,1,1,0,45,4231,1,GK
15884,1,1,0,45,4231,5,LCB
15884,1,1,0,45,4231,7,RM
15884,1,1,0,45,4231,9,LM
15884,1,1,0,45,4231,10,LDM
15884,1,1,0,45,4231,11,CF
15884,1,1,0,45,4231,13,CAM
15884,1,1,0,45,4231,16,RCB
15884,1,1,0,45,4231,18,RDM
15884,1,1,0,45,4231,20,RB
15884,1,1,0,45,4231,23,LB
15884,2,2,0,13,4231,1,GK
15884,2,2,0,13,4231,5,LCB
15884,2,2,0,13,4231,7,RM
15884,2,2,0,13,4231,9,LM
15884,2,2,0,13,4231,10,LDM
15884,2,2,0,13,4231,11,CF
15884,2,2,0,13,4231,13,CAM
15884,2,2,0,13,4231,16,RCB
15884,2,2,0,13,4231,18,RDM
15884,2,2,0,13,4231,20,RB
15884,2,2,0,13,4231,23,LB
15884,3,2,13,20,343,1,GK
15884,3,2,13,20,343,5,CB
15884,3,2,13,20,343,7,RM
15884,3,2,13,20,343,9,LM
15884,3,2,13,20,343,10,LCB
15884,3,2,13,20,343,11,CF
15884,3,2,13,20,343,13,LCM
15884,3,2,13,20,343,16,RCB
15884,3,2,13,20,343,18,RCM
15884,3,2,13,20,343,20,RWB
15884,3,2,13,20,343,23,LWB
15884,4,2,20,24,343,1,GK
15884,4,2,20,24,343,5,CB
15884,4,2,20,24,343,7,RM
15884,4,2,20,24,343,10,LCB
15884,4,2,20,24,343,11,CF
15884,4,2,20,24,343,13,LCM
15884,4,2,20,24,343,16,RCB
15884,4,2,20,24,343,18,RCM
15884,4,2,20,24,343,20,RWB
15884,4,2,20,24,343,23,LWB
15884,4,2,20,24,343,15,LM
15884,5,2,24,41,343,1,GK
15884,5,2,24,41,343,5,CB
15884,5,2,24,41,343,7,RM
15884,5,2,24,41,343,10,LCB
15884,5,2,24,41,343,11,CF
15884,5,2,24,41,343,16,RCB
15884,5,2,24,41,343,18,RCM
15884,5,2,24,41,343,20,RWB
15884,5,2,24,41,343,23,LWB
15884,5,2,24,41,343,14,CAM
15884,5,2,24,41,343,15,LM
15884,6,2,41,46,343,1,GK
15884,6,2,41,46,343,5,CB
15884,6,2,41,46,343,7,RM
15884,6,2,41,46,343,10,RCB
15884,6,2,41,46,343,11,CF
15884,6,2,41,46,343,16,LCB
15884,6,2,41,46,343,18,RCM
15884,6,2,41,46,343,20,RWB
15884,6,2,41,46,343,23,LWB
15884,6,2,41,46,343,14,CAM
15884,6,2,41,46,343,15,LM
15884,7,2,46,47,343,1,GK
15884,7,2,46,47,343,5,CB
15884,7,2,46,47,343,7,RM
15884,7,2,46,47,343,10,RCB
15884,7,2,46,47,343,16,LCB
15884,7,2,46,47,343,18,RCM
15884,7,2,46,47,343,20,RWB
15884,7,2,46,47,343,23,LWB
15884,7,2,46,47,343,4,CF
15884,7,2,46,47,343,14,CAM
15884,7,2,46,47,343,15,LM
16870,1,1,0,30,433,4,LCM
16870,1,1,0,30,433,8,RCM
16870,1,1,0,30,433,9,RCB
16870,1,1,0,30,433,12,LM
16870,1,1,0,30,433,15,LCB
16870,1,1,0,30,433,18,CF
16870,1,1,0,30,433,21,GK
16870,1,1,0,30,433,24,RB
16870,1,1,0,30,433,26,RM
16870,1,1,0,30,433,34,LB
16870,1,1,0,30,433,40,CDM
16870,2,1,30,47,433,4,RCM
16870,2,1,30,47,433,8,LCM
16870,2,1,30,47,433,9,RCB
16870,2,1,30,47,433,12,LM
16870,2,1,30,47,433,15,LCB
16870,2,1,30,47,433,18,CF
16870,2,1,30,47,433,21,GK
16870,2,1,30,47,433,24,RB
16870,2,1,30,47,433,26,RM
16870,2,1,30,47,433,34,LB
16870,2,1,30,47,433,40,CDM
16870,3,2,0,10,4231,4,RDM
16870,3,2,0,10,4231,8,LDM
16870,3,2,0,10,4231,9,RCB
16870,3,2,0,10,4231,12,LM
16870,3,2,0,10,4231,15,LCB
16870,3,2,0,10,4231,18,CF
16870,3,2,0,10,4231,21,GK
16870,3,2,0,10,4231,24,RB
16870,3,2,0,10,4231,26,RM
16870,3,2,0,10,4231,34,LB
16870,3,2,0,10,4231,17,CAM
16870,4,2,10,35,4231,4,RDM
16870,4,2,10,35,4231,8,LDM
16870,4,2,10,35,4231,9,RCB
16870,4,2,10,35,4231,12,LM
16870,4,2,10,35,4231,15,LCB
16870,4,2,10,35,4231,21,GK
16870,4,2,10,35,4231,24,RB
16870,4,2,10,35,4231,26,RM
16870,4,2,10,35,4231,34,LB
16870,4,2,10,35,4231,13,CAM
16870,4,2,10,35,4231,17,CF
16870,5,2,35,44,4231,4,RDM
16870,5,2,35,44,4231,8,LDM
16870,5,2,35,44,4231,9,RCB
16870,5,2,35,44,4231,15,LCB
16870,5,2,35,44,4231,21,GK
16870,5,2,35,44,4231,24,RB
16870,5,2,35,44,4231,26,RM
16870,5,2,35,44,4231,34,LB
16870,5,2,35,44,4231,13,CAM
16870,5,2,35,44,4231,16,CF
16870,5,2,35,44,4231,17,LM
16870,6,2,44,49,4132,4,CDM
16870,6,2,44,49,4132,8,RCB
16870,6,2,44,49,4132,9,LCF
16870,6,2,44,49,4132,15,LCB
16870,6,2,44,49,4132,21,GK
16870,6,2,44,49,4132,24,RB
16870,6,2,44,49,4132,26,RM
16870,6,2,44,49,4132,34,LB
16870,6,2,44,49,4132,13,CAM
16870,6,2,44,49,4132,16,RCF
16870,6,2,44,49,4132,17,LM
16890,1,1,0,30,4231,2,RCB
16890,1,1,0,30,4231,4,LCB
16890,1,1,0,30,4231,15,LDM
16890,1,1,0,30,4231,17,RM
16890,1,1,0,30,4231,19,CF
16890,1,1,0,30,4231,21,GK
16890,1,1,0,30,4231,23,RB
16890,1,1,0,30,4231,24,RDM
16890,1,1,0,30,4231,27,LB
16890,1,1,0,30,4231,37,LM
16890,1,1,0,30,4231,66,CAM
16890,2,1,30,47,4231,2,RCB
16890,2,1,30,47,4231,4,LCB
16890,2,1,30,47,4231,15,LDM
16890,2,1,30,47,4231,17,LM
16890,2,1,30,47,4231,19,CF
16890,2,1,30,47,4231,21,GK
16890,2,1,30,47,4231,23,RB
16890,2,1,30,47,4231,24,RDM
16890,2,1,30,47,4231,27,LB
16890,2,1,30,47,4231,37,RM
16890,2,1,30,47,4231,66,CAM
16890,3,2,0,20,4231,2,RCB
16890,3,2,0,20,4231,4,LCB
16890,3,2,0,20,4231,15,RDM
16890,3,2,0,20,4231,17,RM
16890,3,2,0,20,4231,19,CF
16890,3,2,0,20,4231,21,GK
16890,3,2,0,20,4231,23,RB
16890,3,2,0,20,4231,24,LDM
16890,3,2,0,20,4231,27,LB
16890,3,2,0,20,4231,37,LM
16890,3,2,0,20,4231,66,CAM
16890,4,2,20,25,4231,2,RCB
16890,4,2,20,25,4231,4,LCB
16890,4,2,20,25,4231,15,LDM
16890,4,2,20,25,4231,17,RM
16890,4,2,20,25,4231,19,CF
16890,4,2,20,25,4231,21,GK
16890,4,2,20,25,4231,23,RB
16890,4,2,20,25,4231,24,RDM
16890,4,2,20,25,4231,27,LB
16890,4,2,20,25,4231,66,CAM
16890,4,2,20,25,4231,28,LM
16890,5,2,25,43,4231,2,RCB
16890,5,2,25,43,4231,4,LCB
16890,5,2,25,43,4231,15,LDM
16890,5,2,25,43,4231,19,CF
16890,5,2,25,43,4231,21,GK
16890,5,2,25,43,4231,23,RB
16890,5,2,25,43,4231,24,RDM
16890,5,2,25,43,4231,27,LB
16890,5,2,25,43,4231,66,CAM
16890,5,2,25,43,4231,28,RM
16890,5,2,25,43,4231,35,LM
16890,6,2,43,49,4231,2,RCB
16890,6,2,43,49,4231,4,LCB
16890,6,2,43,49,4231,15,RDM
16890,6,2,43,49,4231,19,CF
16890,6,2,43,49,4231,21,GK
16890,6,2,43,49,4231,23,RB
16890,6,2,43,49,4231,27,LB
16890,6,2,43,49,4231,66,CAM
16890,6,2,43,49,4231,20,LDM
16890,6,2,43,49,4231,28,RM
16890,6,2,43,49,4231,35,LM
17985,1,1,0,19,4231,1,GK
17985,1,1,0,19,4231,2,RB
17985,1,1,0,19,4231,6,RCB
17985,1,1,0,19,4231,9,CF
17985,1,1,0,19,4231,20,RDM
17985,1,1,0,19,4231,23,CAM
17985,1,1,0,19,4231,24,LDM
17985,1,1,0,19,4231,30,LCB
17985,1,1,0,19,4231,47,LB
17985,1,1,0,19,4231,70,LM
17985,1,1,0,19,4231,99,RM
17985,2,1,19,46,433,1,GK
17985,2,1,19,46,433,2,RB
17985,2,1,19,46,433,6,RCB
17985,2,1,19,46,433,9,CF
17985,2,1,19,46,433,20,CDM
17985,2,1,19,46,433,23,RCM
17985,2,1,19,46,433,24,LCM
17985,2,1,19,46,433,30,LCB
17985,2,1,19,46,433,47,LB
17985,2,1,19,46,433,70,LM
17985,2,1,19,46,433,99,RM
17985,3,2,0,13,433,1,GK
17985,3,2,0,13,433,2,RB
17985,3,2,0,13,433,6,RCB
17985,3,2,0,13,433,20,CDM
17985,3,2,0,13,433,23,LCM
17985,3,2,0,13,433,24,RCM
17985,3,2,0,13,433,30,LCB
17985,3,2,0,13,433,47,LB
17985,3,2,0,13,433,70,LM
17985,3,2,0,13,433,99,RM
17985,3,2,0,13,433,10,CF
17985,4,2,13,40,442,1,GK
17985,4,2,13,40,442,2,RB
17985,4,2,13,40,442,6,RCB
17985,4,2,13,40,442,20,RCM
17985,4,2,13,40,442,24,LCM
17985,4,2,13,40,442,30,LCB
17985,4,2,13,40,442,47,LB
17985,4,2,13,40,442,70,LM
17985,4,2,13,40,442,99,RM
17985,4,2,13,40,442,10,RCF
17985,4,2,13,40,442,32,LCF
17985,5,2,40,48,442,1,GK
17985,5,2,40,48,442,2,RB
17985,5,2,40,48,442,6,RCB
17985,5,2,40,48,442,24,LCM
17985,5,2,40,48,442,30,LCB
17985,5,2,40,48,442,47,LB
17985,5,2,40,48,442,70,LM
17985,5,2,40,48,442,99,RM
17985,5,2,40,48,442,10,RCF
17985,5,2,40,48,442,32,LCF
17985,5,2,40,48,442,42,RCM
21689,1,1,0,15,352,3,CDM
21689,1,1,0,15,352,4,RCB
21689,1,1,0,15,352,6,CB
21689,1,1,0,15,352,8,RCM
21689,1,1,0,15,352,11,LCF
21689,1,1,0,15,352,13,GK
21689,1,1,0,15,352,14,RWB
21689,1,1,0,15,352,20,LCB
21689,1,1,0,15,352,24,RCF
21689,1,1,0,15,352,88,LCM
21689,1,1,0,15,352,99,LWB
21689,2,1,15,47,352,3,CDM
21689,2,1,15,47,352,4,RCB
21689,2,1,15,47,352,6,CB
21689,2,1,15,47,352,8,LCM
21689,2,1,15,47,352,11,LCF
21689,2,1,15,47,352,13,GK
21689,2,1,15,47,352,14,RWB
21689,2,1,15,47,352,20,LCB
21689,2,1,15,47,352,24,RCF
21689,2,1,15,47,352,88,RCM
21689,2,1,15,47,352,99,LWB
21689,3,2,0,23,352,3,CDM
21689,3,2,0,23,352,4,RCB
21689,3,2,0,23,352,6,CB
21689,3,2,0,23,352,8,RCM
21689,3,2,0,23,352,11,LCF
21689,3,2,0,23,352,13,GK
21689,3,2,0,23,352,14,RWB
21689,3,2,0,23,352,20,LCB
21689,3,2,0,23,352,88,LCM
21689,3,2,0,23,352,99,LWB
21689,3,2,0,23,352,94,RCF
21689,4,2,23,39,352,3,CDM
21689,4,2,23,39,352,4,RCB
21689,4,2,23,39,352,6,CB
21689,4,2,23,39,352,8,LCM
21689,4,2,23,39,352,13,GK
21689,4,2,23,39,352,14,RWB
21689,4,2,23,39,352,20,LCB
21689,4,2,23,39,352,88,RCM
21689,4,2,23,39,352,99,LWB
21689,4,2,23,39,352,21,LCF
21689,4,2,23,39,352,94,RCF
21689,5,2,39,50,352,3,CDM
21689,5,2,39,50,352,4,RCB
21689,5,2,39,50,352,6,CB
21689,5,2,39,50,352,8,LCM
21689,5,2,39,50,352,13,GK
21689,5,2,39,50,352,20,LCB
21689,5,2,39,50,352,88,RCM
21689,5,2,39,50,352,99,LWB
21689,5,2,39,50,352,19,RWB
21689,5,2,39,50,352,21,RCF
21689,5,2,39,50,352,94,LCF
21695,1,1,0,24,442,1,GK
21695,1,1,0,24,442,4,LCB
21695,1,1,0,24,442,6,LB
21695,1,1,0,24,442,8,RCF
21695,1,1,0,24,442,10,RM
21695,1,1,0,24,442,14,LCM
21695,1,1,0,24,442,17,LM
21695,1,1,0,24,442,18,LCF
21695,1,1,0,24,442,40,RCB
21695,1,1,0,24,442,66,RCM
21695,1,1,0,24,442,77,RB
21695,2,1,24,47,433,1,GK
21695,2,1,24,47,433,4,LCB
21695,2,1,24,47,433,6,LB
21695,2,1,24,47,433,8,RCM
21695,2,1,24,47,433,10,RM
21695,2,1,24,47,433,14,LCM
21695,2,1,24,47,433,17,LM
21695,2,1,24,47,433,18,CF
21695,2,1,24,47,433,40,RCB
21695,2,1,24,47,433,66,CDM
21695,2,1,24,47,433,77,RB
21695,3,2,0,3,433,1,GK
21695,3,2,0,3,433,4,LCB
21695,3,2,0,3,433,6,LB
21695,3,2,0,3,433,8,LCM
21695,3,2,0,3,433,10,RM
21695,3,2,0,3,433,14,RCM
21695,3,2,0,3,433,17,LM
21695,3,2,0,3,433,18,CF
21695,3,2,0,3,433,40,RCB
21695,3,2,0,3,433,66,CDM
21695,3,2,0,3,433,77,RB
21695,4,2,3,13,343,1,GK
21695,4,2,3,13,343,4,CB
21695,4,2,3,13,343,6,LWB
21695,4,2,3,13,343,10,RM
21695,4,2,3,13,343,14,LCM
21695,4,2,3,13,343,17,LM
21695,4,2,3,13,343,18,CF
21695,4,2,3,13,343,40,RCB
21695,4,2,3,13,343,66,RCM
21695,4,2,3,13,343,77,RWB
21695,4,2,3,13,343,20,LCB
21695,5,2,13,30,343,1,GK
21695,5,2,13,30,343,4,CB
21695,5,2,13,30,343,6,LWB
21695,5,2,13,30,343,10,RM
21695,5,2,13,30,343,14,LCM
21695,5,2,13,30,343,18,CF
21695,5,2,13,30,343,40,RCB
21695,5,2,13,30,343,66,RCM
21695,5,2,13,30,343,77,RWB
21695,5,2,13,30,343,12,LM
21695,5,2,13,30,343,20,LCB
21695,6,2,30,50,343,1,GK
21695,6,2,30,50,343,4,CB
21695,6,2,30,50,343,6,LWB
21695,6,2,30,50,343,10,RM
21695,6,2,30,50,343,18,CF
21695,6,2,30,50,343,40,RCB
21695,6,2,30,50,343,66,LCM
21695,6,2,30,50,343,77,RWB
21695,6,2,30,50,343,12,LM
21695,6,2,30,50,343,16,RCM
21695,6,2,30,50,343,20,LCB
21704,1,1,0,17,4231,3,LB
21704,1,1,0,17,4231,4,RDM
21704,1,1,0,17,4231,8,CAM
21704,1,1,0,17,4231,13,LM
21704,1,1,0,17,4231,20,RCB
21704,1,1,0,17,4231,21,RM
21704,1,1,0,17,4231,23,CF
21704,1,1,0,17,4231,28,LCB
21704,1,1,0,17,4231,51,GK
21704,1,1,0,17,4231,62,RB
21704,1,1,0,17,4231,66,LDM
21704,2,1,17,24,4231,3,LB
21704,2,1,17,24,4231,4,LDM
21704,2,1,17,24,4231,8,CAM
21704,2,1,17,24,4231,13,LM
21704,2,1,17,24,4231,20,RCB
21704,2,1,17,24,4231,21,RM
21704,2,1,17,24,4231,23,CF
21704,2,1,17,24,4231,28,LCB
21704,2,1,17,24,4231,51,GK
21704,2,1,17,24,4231,62,RB
21704,2,1,17,24,4231,66,RDM
21704,3,1,24,31,4231,3,LB
21704,3,1,24,31,4231,4,RDM
21704,3,1,24,31,4231,8,CAM
21704,3,1,24,31,4231,13,LM
21704,3,1,24,31,4231,20,RCB
21704,3,1,24,31,4231,21,RM
21704,3,1,24,31,4231,23,CF
21704,3,1,24,31,4231,28,LCB
21704,3,1,24,31,4231,51,GK
21704,3,1,24,31,4231,62,RB
21704,3,1,24,31,4231,66,LDM
21704,4,1,31,47,4231,3,LB
21704,4,1,31,47,4231,4,RDM
21704,4,1,31,47,4231,8,CAM
21704,4,1,31,47,4231,13,LM
21704,4,1,31,47,4231,20,LCB
21704,4,1,31,47,4231,21,RM
21704,4,1,31,47,4231,23,CF
21704,4,1,31,47,4231,28,RCB
21704,4,1,31,47,4231,51,GK
21704,4,1,31,47,4231,62,RB
21704,4,1,31,47,4231,66,LDM
21704,5,2,0,5,442,3,LB
21704,5,2,0,5,442,13,LCM
21704,5,2,0,5,442,20,LCB
21704,5,2,0,5,442,21,RM
21704,5,2,0,5,442,23,LCF
21704,5,2,0,5,442,28,RCB
21704,5,2,0,5,442,51,GK
21704,5,2,0,5,442,62,RB
21704,5,2,0,5,442,66,RCM
21704,5,2,0,5,442,9,RCF
21704,5,2,0,5,442,18,LM
21704,6,2,5,11,442,3,LB
21704,6,2,5,11,442,13,RCM
21704,6,2,5,11,442,20,LCB
21704,6,2,5,11,442,21,RM
21704,6,2,5,11,442,23,LCF
21704,6,2,5,11,442,28,RCB
21704,6,2,5,11,442,51,GK
21704,6,2,5,11,442,62,RB
21704,6,2,5,11,442,66,LCM
21704,6,2,5,11,442,9,RCF
21704,6,2,5,11,442,18,LM
21704,7,2,11,50,442,3,LB
21704,7,2,11,50,442,13,LCM
21704,7,2,11,50,442,20,LCB
21704,7,2,11,50,442,21,RM
21704,7,2,11,50,442,23,LCF
21704,7,2,11,50,442,28,RCB
21704,7,2,11,50,442,51,GK
21704,7,2,11,50,442,62,RCM
21704,7,2,11,50,442,9,RCF
21704,7,2,11,50,442,17,RB
21704,7,2,11,50,442,18,LM
